2		331		751		1217		1697
3		337		757		1223		1699
5		347		761		1229		1709
7		349		769		1231		1721
11		353		773		1237		1723
13		359		787		1249		1733
17		367		797		1259		1741
19		373		809		1277		1747
23		379		811		1279		1753
29		383		821		1283		1759
31		389		823		1289		1777
37		397		827		1291		1783
41		401		829		1297		1787
43		409		839		1301		1789
47		419		853		1303		1801
53		421		857		1307		1811
59		431		859		1319		1823
61		433		863		1321		1831
67		439		877		1327		1847
71		443		881		1361		1861
73		449		883		1367		1867
79		457		887		1373		1871
83		461		907		1381		1873
89		463		911		1399		1877
97		467		919		1409		1879
101		479		929		1423		1889
103		487		937		1427		1901
107		491		941		1429		1907
109		499		947		1433		1913
113		503		953		1439		1931
127		509		967		1447		1933
131		521		971		1451		1949
137		523		977		1453		1951
139		541		983		1459		1973
149		547		991		1471		1979
151		557		997		1481		1987
157		563		1009		1483		1993
163		569		1013		1487		1997
167		571		1019		1489		1999
173		577		1021		1493		2003
179		587		1031		1499		2011
181		593		1033		1511		2017
191		599		1039		1523		2027
193		601		1049		1531		2029
197		607		1051		1543		2039
199		613		1061		1549		2053
211		617		1063		1553		2063
223		619		1069		1559		2069
227		631		1087		1567		2081
229		641		1091		1571		2083
233		643		1093		1579		2087
239		647		1097		1583		2089
241		653		1103		1597		2099
251		659		1109		1601		2111
257		661		1117		1607		2113
263		673		1123		1609		2129
269		677		1129		1613		2131
271		683		1151		1619		2137
277		691		1153		1621		2141
281		701		1163		1627		2143
283		709		1171		1637		2153
293		719		1181		1657		2161
307		727		1187		1663		2179
311		733		1193		1667		2203
313		739		1201		1669		2207
317		743		1213		1693		2213
2221		2719		3299		3803		4357
2237		2729		3301		3821		4363
2239		2731		3307		3823		4373
2243		2741		3313		3833		4391
2251		2749		3319		3847		4397
2267		2753		3323		3851		4409
2269		2767		3329		3853		4421
2273		2777		3331		3863		4423
2281		2789		3343		3877		4441
2287		2791		3347		3881		4447
2293		2797		3359		3889		4451
2297		2801		3361		3907		4457
2309		2803		3371		3911		4463
2311		2819		3373		3917		4481
2333		2833		3389		3919		4483
2339		2837		3391		3923		4493
2341		2843		3407		3929		4507
2347		2851		3413		3931		4513
2351		2857		3433		3943		4517
2357		2861		3449		3947		4519
2371		2879		3457		3967		4523
2377		2887		3461		3989		4547
2381		2897		3463		4001		4549
2383		2903		3467		4003		4561
2389		2909		3469		4007		4567
2393		2917		3491		4013		4583
2399		2927		3499		4019		4591
2411		2939		3511		4021		4597
2417		2953		3517		4027		4603
2423		2957		3527		4049		4621
2437		2963		3529		4051		4637
2441		2969		3533		4057		4639
2447		2971		3539		4073		4643
2459		2999		3541		4079		4649
2467		3001		3547		4091		4651
2473		3011		3557		4093		4657
2477		3019		3559		4099		4663
2503		3023		3571		4111		4673
2521		3037		3581		4127		4679
2531		3041		3583		4129		4691
2539		3049		3593		4133		4703
2543		3061		3607		4139		4721
2549		3067		3613		4153		4723
2551		3079		3617		4157		4729
2557		3083		3623		4159		4733
2579		3089		3631		4177		4751
2591		3109		3637		4201		4759
2593		3119		3643		4211		4783
2609		3121		3659		4217		4787
2617		3137		3671		4219		4789
2621		3163		3673		4229		4793
2633		3167		3677		4231		4799
2647		3169		3691		4241		4801
2657		3181		3697		4243		4813
2659		3187		3701		4253		4817
2663		3191		3709		4259		4831
2671		3203		3719		4261		4861
2677		3209		3727		4271		4871
2683		3217		3733		4273		4877
2687		3221		3739		4283		4889
2689		3229		3761		4289		4903
2693		3251		3767		4297		4909
2699		3253		3769		4327		4919
2707		3257		3779		4337		4931
2711		3259		3793		4339		4933
2713		3271		3797		4349		4937
4943		5503		6079		6661		7237
4951		5507		6089		6673		7243
4957		5519		6091		6679		7247
4967		5521		6101		6689		7253
4969		5527		6113		6691		7283
4973		5531		6121		6701		7297
4987		5557		6131		6703		7307
4993		5563		6133		6709		7309
4999		5569		6143		6719		7321
5003		5573		6151		6733		7331
5009		5581		6163		6737		7333
5011		5591		6173		6761		7349
5021		5623		6197		6763		7351
5023		5639		6199		6779		7369
5039		5641		6203		6781		7393
5051		5647		6211		6791		7411
5059		5651		6217		6793		7417
5077		5653		6221		6803		7433
5081		5657		6229		6823		7451
5087		5659		6247		6827		7457
5099		5669		6257		6829		7459
5101		5683		6263		6833		7477
5107		5689		6269		6841		7481
5113		5693		6271		6857		7487
5119		5701		6277		6863		7489
5147		5711		6287		6869		7499
5153		5717		6299		6871		7507
5167		5737		6301		6883		7517
5171		5741		6311		6899		7523
5179		5743		6317		6907		7529
5189		5749		6323		6911		7537
5197		5779		6329		6917		7541
5209		5783		6337		6947		7547
5227		5791		6343		6949		7549
5231		5801		6353		6959		7559
5233		5807		6359		6961		7561
5237		5813		6361		6967		7573
5261		5821		6367		6971		7577
5273		5827		6373		6977		7583
5279		5839		6379		6983		7589
5281		5843		6389		6991		7591
5297		5849		6397		6997		7603
5303		5851		6421		7001		7607
5309		5857		6427		7013		7621
5323		5861		6449		7019		7639
5333		5867		6451		7027		7643
5347		5869		6469		7039		7649
5351		5879		6473		7043		7669
5381		5881		6481		7057		7673
5387		5897		6491		7069		7681
5393		5903		6521		7079		7687
5399		5923		6529		7103		7691
5407		5927		6547		7109		7699
5413		5939		6551		7121		7703
5417		5953		6553		7127		7717
5419		5981		6563		7129		7723
5431		5987		6569		7151		7727
5437		6007		6571		7159		7741
5441		6011		6577		7177		7753
5443		6029		6581		7187		7757
5449		6037		6599		7193		7759
5471		6043		6607		7207		7789
5477		6047		6619		7211		7793
5479		6053		6637		7213		7817
5483		6067		6653		7219		7823
5501		6073		6659		7229		7829
7841		8447		9041		9629		10243
7853		8461		9043		9631		10247
7867		8467		9049		9643		10253
7873		8501		9059		9649		10259
7877		8513		9067		9661		10267
7879		8521		9091		9677		10271
7883		8527		9103		9679		10273
7901		8537		9109		9689		10289
7907		8539		9127		9697		10301
7919		8543		9133		9719		10303
7927		8563		9137		9721		10313
7933		8573		9151		9733		10321
7937		8581		9157		9739		10331
7949		8597		9161		9743		10333
7951		8599		9173		9749		10337
7963		8609		9181		9767		10343
7993		8623		9187		9769		10357
8009		8627		9199		9781		10369
8011		8629		9203		9787		10391
8017		8641		9209		9791		10399
8039		8647		9221		9803		10427
8053		8663		9227		9811		10429
8059		8669		9239		9817		10433
8069		8677		9241		9829		10453
8081		8681		9257		9833		10457
8087		8689		9277		9839		10459
8089		8693		9281		9851		10463
8093		8699		9283		9857		10477
8101		8707		9293		9859		10487
8111		8713		9311		9871		10499
8117		8719		9319		9883		10501
8123		8731		9323		9887		10513
8147		8737		9337		9901		10529
8161		8741		9341		9907		10531
8167		8747		9343		9923		10559
8171		8753		9349		9929		10567
8179		8761		9371		9931		10589
8191		8779		9377		9941		10597
8209		8783		9391		9949		10601
8219		8803		9397		9967		10607
8221		8807		9403		9973		10613
8231		8819		9413		10007		10627
8233		8821		9419		10009		10631
8237		8831		9421		10037		10639
8243		8837		9431		10039		10651
8263		8839		9433		10061		10657
8269		8849		9437		10067		10663
8273		8861		9439		10069		10667
8287		8863		9461		10079		10687
8291		8867		9463		10091		10691
8293		8887		9467		10093		10709
8297		8893		9473		10099		10711
8311		8923		9479		10103		10723
8317		8929		9491		10111		10729
8329		8933		9497		10133		10733
8353		8941		9511		10139		10739
8363		8951		9521		10141		10753
8369		8963		9533		10151		10771
8377		8969		9539		10159		10781
8387		8971		9547		10163		10789
8389		8999		9551		10169		10799
8419		9001		9587		10177		10831
8423		9007		9601		10181		10837
8429		9011		9613		10193		10847
8431		9013		9619		10211		10853
8443		9029		9623		10223		10859
10861		11497		12143		12721		13339
10867		11503		12149		12739		13367
10883		11519		12157		12743		13381
10889		11527		12161		12757		13397
10891		11549		12163		12763		13399
10903		11551		12197		12781		13411
10909		11579		12203		12791		13417
10937		11587		12211		12799		13421
10939		11593		12227		12809		13441
10949		11597		12239		12821		13451
10957		11617		12241		12823		13457
10973		11621		12251		12829		13463
10979		11633		12253		12841		13469
10987		11657		12263		12853		13477
10993		11677		12269		12889		13487
11003		11681		12277		12893		13499
11027		11689		12281		12899		13513
11047		11699		12289		12907		13523
11057		11701		12301		12911		13537
11059		11717		12323		12917		13553
11069		11719		12329		12919		13567
11071		11731		12343		12923		13577
11083		11743		12347		12941		13591
11087		11777		12373		12953		13597
11093		11779		12377		12959		13613
11113		11783		12379		12967		13619
11117		11789		12391		12973		13627
11119		11801		12401		12979		13633
11131		11807		12409		12983		13649
11149		11813		12413		13001		13669
11159		11821		12421		13003		13679
11161		11827		12433		13007		13681
11171		11831		12437		13009		13687
11173		11833		12451		13033		13691
11177		11839		12457		13037		13693
11197		11863		12473		13043		13697
11213		11867		12479		13049		13709
11239		11887		12487		13063		13711
11243		11897		12491		13093		13721
11251		11903		12497		13099		13723
11257		11909		12503		13103		13729
11261		11923		12511		13109		13751
11273		11927		12517		13121		13757
11279		11933		12527		13127		13759
11287		11939		12539		13147		13763
11299		11941		12541		13151		13781
11311		11953		12547		13159		13789
11317		11959		12553		13163		13799
11321		11969		12569		13171		13807
11329		11971		12577		13177		13829
11351		11981		12583		13183		13831
11353		11987		12589		13187		13841
11369		12007		12601		13217		13859
11383		12011		12611		13219		13873
11393		12037		12613		13229		13877
11399		12041		12619		13241		13879
11411		12043		12637		13249		13883
11423		12049		12641		13259		13901
11437		12071		12647		13267		13903
11443		12073		12653		13291		13907
11447		12097		12659		13297		13913
11467		12101		12671		13309		13921
11471		12107		12689		13313		13931
11483		12109		12697		13327		13933
11489		12113		12703		13331		13963
11491		12119		12713		13337		13967
13997		14657		15271		15877		16547
13999		14669		15277		15881		16553
14009		14683		15287		15887		16561
14011		14699		15289		15889		16567
14029		14713		15299		15901		16573
14033		14717		15307		15907		16603
14051		14723		15313		15913		16607
14057		14731		15319		15919		16619
14071		14737		15329		15923		16631
14081		14741		15331		15937		16633
14083		14747		15349		15959		16649
14087		14753		15359		15971		16651
14107		14759		15361		15973		16657
14143		14767		15373		15991		16661
14149		14771		15377		16001		16673
14153		14779		15383		16007		16691
14159		14783		15391		16033		16693
14173		14797		15401		16057		16699
14177		14813		15413		16061		16703
14197		14821		15427		16063		16729
14207		14827		15439		16067		16741
14221		14831		15443		16069		16747
14243		14843		15451		16073		16759
14249		14851		15461		16087		16763
14251		14867		15467		16091		16787
14281		14869		15473		16097		16811
14293		14879		15493		16103		16823
14303		14887		15497		16111		16829
14321		14891		15511		16127		16831
14323		14897		15527		16139		16843
14327		14923		15541		16141		16871
14341		14929		15551		16183		16879
14347		14939		15559		16187		16883
14369		14947		15569		16189		16889
14387		14951		15581		16193		16901
14389		14957		15583		16217		16903
14401		14969		15601		16223		16921
14407		14983		15607		16229		16927
14411		15013		15619		16231		16931
14419		15017		15629		16249		16937
14423		15031		15641		16253		16943
14431		15053		15643		16267		16963
14437		15061		15647		16273		16979
14447		15073		15649		16301		16981
14449		15077		15661		16319		16987
14461		15083		15667		16333		16993
14479		15091		15671		16339		17011
14489		15101		15679		16349		17021
14503		15107		15683		16361		17027
14519		15121		15727		16363		17029
14533		15131		15731		16369		17033
14537		15137		15733		16381		17041
14543		15139		15737		16411		17047
14549		15149		15739		16417		17053
14551		15161		15749		16421		17077
14557		15173		15761		16427		17093
14561		15187		15767		16433		17099
14563		15193		15773		16447		17107
14591		15199		15787		16451		17117
14593		15217		15791		16453		17123
14621		15227		15797		16477		17137
14627		15233		15803		16481		17159
14629		15241		15809		16487		17167
14633		15259		15817		16493		17183
14639		15263		15823		16519		17189
14653		15269		15859		16529		17191
17203		17851		18443		19213		19843
17207		17863		18451		19219		19853
17209		17881		18457		19231		19861
17231		17891		18461		19237		19867
17239		17903		18481		19249		19889
17257		17909		18493		19259		19891
17291		17911		18503		19267		19913
17293		17921		18517		19273		19919
17299		17923		18521		19289		19927
17317		17929		18523		19301		19937
17321		17939		18539		19309		19949
17327		17957		18541		19319		19961
17333		17959		18553		19333		19963
17341		17971		18583		19373		19973
17351		17977		18587		19379		19979
17359		17981		18593		19381		19991
17377		17987		18617		19387		19993
17383		17989		18637		19391		19997
17387		18013		18661		19403		20011
17389		18041		18671		19417		20021
17393		18043		18679		19421		20023
17401		18047		18691		19423		20029
17417		18049		18701		19427		20047
17419		18059		18713		19429		20051
17431		18061		18719		19433		20063
17443		18077		18731		19441		20071
17449		18089		18743		19447		20089
17467		18097		18749		19457		20101
17471		18119		18757		19463		20107
17477		18121		18773		19469		20113
17483		18127		18787		19471		20117
17489		18131		18793		19477		20123
17491		18133		18797		19483		20129
17497		18143		18803		19489		20143
17509		18149		18839		19501		20147
17519		18169		18859		19507		20149
17539		18181		18869		19531		20161
17551		18191		18899		19541		20173
17569		18199		18911		19543		20177
17573		18211		18913		19553		20183
17579		18217		18917		19559		20201
17581		18223		18919		19571		20219
17597		18229		18947		19577		20231
17599		18233		18959		19583		20233
17609		18251		18973		19597		20249
17623		18253		18979		19603		20261
17627		18257		19001		19609		20269
17657		18269		19009		19661		20287
17659		18287		19013		19681		20297
17669		18289		19031		19687		20323
17681		18301		19037		19697		20327
17683		18307		19051		19699		20333
17707		18311		19069		19709		20341
17713		18313		19073		19717		20347
17729		18329		19079		19727		20353
17737		18341		19081		19739		20357
17747		18353		19087		19751		20359
17749		18367		19121		19753		20369
17761		18371		19139		19759		20389
17783		18379		19141		19763		20393
17789		18397		19157		19777		20399
17791		18401		19163		19793		20407
17807		18413		19181		19801		20411
17827		18427		19183		19813		20431
17837		18433		19207		19819		20441
17839		18439		19211		19841		20443
20477		21149		21773		22433		23059
20479		21157		21787		22441		23063
20483		21163		21799		22447		23071
20507		21169		21803		22453		23081
20509		21179		21817		22469		23087
20521		21187		21821		22481		23099
20533		21191		21839		22483		23117
20543		21193		21841		22501		23131
20549		21211		21851		22511		23143
20551		21221		21859		22531		23159
20563		21227		21863		22541		23167
20593		21247		21871		22543		23173
20599		21269		21881		22549		23189
20611		21277		21893		22567		23197
20627		21283		21911		22571		23201
20639		21313		21929		22573		23203
20641		21317		21937		22613		23209
20663		21319		21943		22619		23227
20681		21323		21961		22621		23251
20693		21341		21977		22637		23269
20707		21347		21991		22639		23279
20717		21377		21997		22643		23291
20719		21379		22003		22651		23293
20731		21383		22013		22669		23297
20743		21391		22027		22679		23311
20747		21397		22031		22691		23321
20749		21401		22037		22697		23327
20753		21407		22039		22699		23333
20759		21419		22051		22709		23339
20771		21433		22063		22717		23357
20773		21467		22067		22721		23369
20789		21481		22073		22727		23371
20807		21487		22079		22739		23399
20809		21491		22091		22741		23417
20849		21493		22093		22751		23431
20857		21499		22109		22769		23447
20873		21503		22111		22777		23459
20879		21517		22123		22783		23473
20887		21521		22129		22787		23497
20897		21523		22133		22807		23509
20899		21529		22147		22811		23531
20903		21557		22153		22817		23537
20921		21559		22157		22853		23539
20929		21563		22159		22859		23549
20939		21569		22171		22861		23557
20947		21577		22189		22871		23561
20959		21587		22193		22877		23563
20963		21589		22229		22901		23567
20981		21599		22247		22907		23581
20983		21601		22259		22921		23593
21001		21611		22271		22937		23599
21011		21613		22273		22943		23603
21013		21617		22277		22961		23609
21017		21647		22279		22963		23623
21019		21649		22283		22973		23627
21023		21661		22291		22993		23629
21031		21673		22303		23003		23633
21059		21683		22307		23011		23663
21061		21701		22343		23017		23669
21067		21713		22349		23021		23671
21089		21727		22367		23027		23677
21101		21737		22369		23029		23687
21107		21739		22381		23039		23689
21121		21751		22391		23041		23719
21139		21757		22397		23053		23741
21143		21767		22409		23057		23743
23747		24379		25121		25793		26437
23753		24391		25127		25799		26449
23761		24407		25147		25801		26459
23767		24413		25153		25819		26479
23773		24419		25163		25841		26489
23789		24421		25169		25847		26497
23801		24439		25171		25849		26501
23813		24443		25183		25867		26513
23819		24469		25189		25873		26539
23827		24473		25219		25889		26557
23831		24481		25229		25903		26561
23833		24499		25237		25913		26573
23857		24509		25243		25919		26591
23869		24517		25247		25931		26597
23873		24527		25253		25933		26627
23879		24533		25261		25939		26633
23887		24547		25301		25943		26641
23893		24551		25303		25951		26647
23899		24571		25307		25969		26669
23909		24593		25309		25981		26681
23911		24611		25321		25997		26683
23917		24623		25339		25999		26687
23929		24631		25343		26003		26693
23957		24659		25349		26017		26699
23971		24671		25357		26021		26701
23977		24677		25367		26029		26711
23981		24683		25373		26041		26713
23993		24691		25391		26053		26717
24001		24697		25409		26083		26723
24007		24709		25411		26099		26729
24019		24733		25423		26107		26731
24023		24749		25439		26111		26737
24029		24763		25447		26113		26759
24043		24767		25453		26119		26777
24049		24781		25457		26141		26783
24061		24793		25463		26153		26801
24071		24799		25469		26161		26813
24077		24809		25471		26171		26821
24083		24821		25523		26177		26833
24091		24841		25537		26183		26839
24097		24847		25541		26189		26849
24103		24851		25561		26203		26861
24107		24859		25577		26209		26863
24109		24877		25579		26227		26879
24113		24889		25583		26237		26881
24121		24907		25589		26249		26891
24133		24917		25601		26251		26893
24137		24919		25603		26261		26903
24151		24923		25609		26263		26921
24169		24943		25621		26267		26927
24179		24953		25633		26293		26947
24181		24967		25639		26297		26951
24197		24971		25643		26309		26953
24203		24977		25657		26317		26959
24223		24979		25667		26321		26981
24229		24989		25673		26339		26987
24239		25013		25679		26347		26993
24247		25031		25693		26357		27011
24251		25033		25703		26371		27017
24281		25037		25717		26387		27031
24317		25057		25733		26393		27043
24329		25073		25741		26399		27059
24337		25087		25747		26407		27061
24359		25097		25759		26417		27067
24371		25111		25763		26423		27073
24373		25117		25771		26431		27077
27091		27809		28537		29153		29867
27103		27817		28541		29167		29873
27107		27823		28547		29173		29879
27109		27827		28549		29179		29881
27127		27847		28559		29191		29917
27143		27851		28571		29201		29921
27179		27883		28573		29207		29927
27191		27893		28579		29209		29947
27197		27901		28591		29221		29959
27211		27917		28597		29231		29983
27239		27919		28603		29243		29989
27241		27941		28607		29251		30011
27253		27943		28619		29269		30013
27259		27947		28621		29287		30029
27271		27953		28627		29297		30047
27277		27961		28631		29303		30059
27281		27967		28643		29311		30071
27283		27983		28649		29327		30089
27299		27997		28657		29333		30091
27329		28001		28661		29339		30097
27337		28019		28663		29347		30103
27361		28027		28669		29363		30109
27367		28031		28687		29383		30113
27397		28051		28697		29387		30119
27407		28057		28703		29389		30133
27409		28069		28711		29399		30137
27427		28081		28723		29401		30139
27431		28087		28729		29411		30161
27437		28097		28751		29423		30169
27449		28099		28753		29429		30181
27457		28109		28759		29437		30187
27479		28111		28771		29443		30197
27481		28123		28789		29453		30203
27487		28151		28793		29473		30211
27509		28163		28807		29483		30223
27527		28181		28813		29501		30241
27529		28183		28817		29527		30253
27539		28201		28837		29531		30259
27541		28211		28843		29537		30269
27551		28219		28859		29567		30271
27581		28229		28867		29569		30293
27583		28277		28871		29573		30307
27611		28279		28879		29581		30313
27617		28283		28901		29587		30319
27631		28289		28909		29599		30323
27647		28297		28921		29611		30341
27653		28307		28927		29629		30347
27673		28309		28933		29633		30367
27689		28319		28949		29641		30389
27691		28349		28961		29663		30391
27697		28351		28979		29669		30403
27701		28387		29009		29671		30427
27733		28393		29017		29683		30431
27737		28403		29021		29717		30449
27739		28409		29023		29723		30467
27743		28411		29027		29741		30469
27749		28429		29033		29753		30491
27751		28433		29059		29759		30493
27763		28439		29063		29761		30497
27767		28447		29077		29789		30509
27773		28463		29101		29803		30517
27779		28477		29123		29819		30529
27791		28493		29129		29833		30539
27793		28499		29131		29837		30553
27799		28513		29137		29851		30557
27803		28517		29147		29863		30559
30577		31247		32003		32603		33301
30593		31249		32009		32609		33311
30631		31253		32027		32611		33317
30637		31259		32029		32621		33329
30643		31267		32051		32633		33331
30649		31271		32057		32647		33343
30661		31277		32059		32653		33347
30671		31307		32063		32687		33349
30677		31319		32069		32693		33353
30689		31321		32077		32707		33359
30697		31327		32083		32713		33377
30703		31333		32089		32717		33391
30707		31337		32099		32719		33403
30713		31357		32117		32749		33409
30727		31379		32119		32771		33413
30757		31387		32141		32779		33427
30763		31391		32143		32783		33457
30773		31393		32159		32789		33461
30781		31397		32173		32797		33469
30803		31469		32183		32801		33479
30809		31477		32189		32803		33487
30817		31481		32191		32831		33493
30829		31489		32203		32833		33503
30839		31511		32213		32839		33521
30841		31513		32233		32843		33529
30851		31517		32237		32869		33533
30853		31531		32251		32887		33547
30859		31541		32257		32909		33563
30869		31543		32261		32911		33569
30871		31547		32297		32917		33577
30881		31567		32299		32933		33581
30893		31573		32303		32939		33587
30911		31583		32309		32941		33589
30931		31601		32321		32957		33599
30937		31607		32323		32969		33601
30941		31627		32327		32971		33613
30949		31643		32341		32983		33617
30971		31649		32353		32987		33619
30977		31657		32359		32993		33623
30983		31663		32363		32999		33629
31013		31667		32369		33013		33637
31019		31687		32371		33023		33641
31033		31699		32377		33029		33647
31039		31721		32381		33037		33679
31051		31723		32401		33049		33703
31063		31727		32411		33053		33713
31069		31729		32413		33071		33721
31079		31741		32423		33073		33739
31081		31751		32429		33083		33749
31091		31769		32441		33091		33751
31121		31771		32443		33107		33757
31123		31793		32467		33113		33767
31139		31799		32479		33119		33769
31147		31817		32491		33149		33773
31151		31847		32497		33151		33791
31153		31849		32503		33161		33797
31159		31859		32507		33179		33809
31177		31873		32531		33181		33811
31181		31883		32533		33191		33827
31183		31891		32537		33199		33829
31189		31907		32561		33203		33851
31193		31957		32563		33211		33857
31219		31963		32569		33223		33863
31223		31973		32573		33247		33871
31231		31981		32579		33287		33889
31237		31991		32587		33289		33893
33911		34607		35323		36037		36739
33923		34613		35327		36061		36749
33931		34631		35339		36067		36761
33937		34649		35353		36073		36767
33941		34651		35363		36083		36779
33961		34667		35381		36097		36781
33967		34673		35393		36107		36787
33997		34679		35401		36109		36791
34019		34687		35407		36131		36793
34031		34693		35419		36137		36809
34033		34703		35423		36151		36821
34039		34721		35437		36161		36833
34057		34729		35447		36187		36847
34061		34739		35449		36191		36857
34123		34747		35461		36209		36871
34127		34757		35491		36217		36877
34129		34759		35507		36229		36887
34141		34763		35509		36241		36899
34147		34781		35521		36251		36901
34157		34807		35527		36263		36913
34159		34819		35531		36269		36919
34171		34841		35533		36277		36923
34183		34843		35537		36293		36929
34211		34847		35543		36299		36931
34213		34849		35569		36307		36943
34217		34871		35573		36313		36947
34231		34877		35591		36319		36973
34253		34883		35593		36341		36979
34259		34897		35597		36343		36997
34261		34913		35603		36353		37003
34267		34919		35617		36373		37013
34273		34939		35671		36383		37019
34283		34949		35677		36389		37021
34297		34961		35729		36433		37039
34301		34963		35731		36451		37049
34303		34981		35747		36457		37057
34313		35023		35753		36467		37061
34319		35027		35759		36469		37087
34327		35051		35771		36473		37097
34337		35053		35797		36479		37117
34351		35059		35801		36493		37123
34361		35069		35803		36497		37139
34367		35081		35809		36523		37159
34369		35083		35831		36527		37171
34381		35089		35837		36529		37181
34403		35099		35839		36541		37189
34421		35107		35851		36551		37199
34429		35111		35863		36559		37201
34439		35117		35869		36563		37217
34457		35129		35879		36571		37223
34469		35141		35897		36583		37243
34471		35149		35899		36587		37253
34483		35153		35911		36599		37273
34487		35159		35923		36607		37277
34499		35171		35933		36629		37307
34501		35201		35951		36637		37309
34511		35221		35963		36643		37313
34513		35227		35969		36653		37321
34519		35251		35977		36671		37337
34537		35257		35983		36677		37339
34543		35267		35993		36683		37357
34549		35279		35999		36691		37361
34583		35281		36007		36697		37363
34589		35291		36011		36709		37369
34591		35311		36013		36713		37379
34603		35317		36017		36721		37397
37409		38153		38851		39521		40231
37423		38167		38861		39541		40237
37441		38177		38867		39551		40241
37447		38183		38873		39563		40253
37463		38189		38891		39569		40277
37483		38197		38903		39581		40283
37489		38201		38917		39607		40289
37493		38219		38921		39619		40343
37501		38231		38923		39623		40351
37507		38237		38933		39631		40357
37511		38239		38953		39659		40361
37517		38261		38959		39667		40387
37529		38273		38971		39671		40423
37537		38281		38977		39679		40427
37547		38287		38993		39703		40429
37549		38299		39019		39709		40433
37561		38303		39023		39719		40459
37567		38317		39041		39727		40471
37571		38321		39043		39733		40483
37573		38327		39047		39749		40487
37579		38329		39079		39761		40493
37589		38333		39089		39769		40499
37591		38351		39097		39779		40507
37607		38371		39103		39791		40519
37619		38377		39107		39799		40529
37633		38393		39113		39821		40531
37643		38431		39119		39827		40543
37649		38447		39133		39829		40559
37657		38449		39139		39839		40577
37663		38453		39157		39841		40583
37691		38459		39161		39847		40591
37693		38461		39163		39857		40597
37699		38501		39181		39863		40609
37717		38543		39191		39869		40627
37747		38557		39199		39877		40637
37781		38561		39209		39883		40639
37783		38567		39217		39887		40693
37799		38569		39227		39901		40697
37811		38593		39229		39929		40699
37813		38603		39233		39937		40709
37831		38609		39239		39953		40739
37847		38611		39241		39971		40751
37853		38629		39251		39979		40759
37861		38639		39293		39983		40763
37871		38651		39301		39989		40771
37879		38653		39313		40009		40787
37889		38669		39317		40013		40801
37897		38671		39323		40031		40813
37907		38677		39341		40037		40819
37951		38693		39343		40039		40823
37957		38699		39359		40063		40829
37963		38707		39367		40087		40841
37967		38711		39371		40093		40847
37987		38713		39373		40099		40849
37991		38723		39383		40111		40853
37993		38729		39397		40123		40867
37997		38737		39409		40127		40879
38011		38747		39419		40129		40883
38039		38749		39439		40151		40897
38047		38767		39443		40153		40903
38053		38783		39451		40163		40927
38069		38791		39461		40169		40933
38083		38803		39499		40177		40939
38113		38821		39503		40189		40949
38119		38833		39509		40193		40961
38149		38839		39511		40213		40973
40993		41647		42307		42943		43721
41011		41651		42323		42953		43753
41017		41659		42331		42961		43759
41023		41669		42337		42967		43777
41039		41681		42349		42979		43781
41047		41687		42359		42989		43783
41051		41719		42373		43003		43787
41057		41729		42379		43013		43789
41077		41737		42391		43019		43793
41081		41759		42397		43037		43801
41113		41761		42403		43049		43853
41117		41771		42407		43051		43867
41131		41777		42409		43063		43889
41141		41801		42433		43067		43891
41143		41809		42437		43093		43913
41149		41813		42443		43103		43933
41161		41843		42451		43117		43943
41177		41849		42457		43133		43951
41179		41851		42461		43151		43961
41183		41863		42463		43159		43963
41189		41879		42467		43177		43969
41201		41887		42473		43189		43973
41203		41893		42487		43201		43987
41213		41897		42491		43207		43991
41221		41903		42499		43223		43997
41227		41911		42509		43237		44017
41231		41927		42533		43261		44021
41233		41941		42557		43271		44027
41243		41947		42569		43283		44029
41257		41953		42571		43291		44041
41263		41957		42577		43313		44053
41269		41959		42589		43319		44059
41281		41969		42611		43321		44071
41299		41981		42641		43331		44087
41333		41983		42643		43391		44089
41341		41999		42649		43397		44101
41351		42013		42667		43399		44111
41357		42017		42677		43403		44119
41381		42019		42683		43411		44123
41387		42023		42689		43427		44129
41389		42043		42697		43441		44131
41399		42061		42701		43451		44159
41411		42071		42703		43457		44171
41413		42073		42709		43481		44179
41443		42083		42719		43487		44189
41453		42089		42727		43499		44201
41467		42101		42737		43517		44203
41479		42131		42743		43541		44207
41491		42139		42751		43543		44221
41507		42157		42767		43573		44249
41513		42169		42773		43577		44257
41519		42179		42787		43579		44263
41521		42181		42793		43591		44267
41539		42187		42797		43597		44269
41543		42193		42821		43607		44273
41549		42197		42829		43609		44279
41579		42209		42839		43613		44281
41593		42221		42841		43627		44293
41597		42223		42853		43633		44351
41603		42227		42859		43649		44357
41609		42239		42863		43651		44371
41611		42257		42899		43661		44381
41617		42281		42901		43669		44383
41621		42283		42923		43691		44389
41627		42293		42929		43711		44417
41641		42299		42937		43717		44449
44453		45139		45887		46639		47381
44483		45161		45893		46643		47387
44491		45179		45943		46649		47389
44497		45181		45949		46663		47407
44501		45191		45953		46679		47417
44507		45197		45959		46681		47419
44519		45233		45971		46687		47431
44531		45247		45979		46691		47441
44533		45259		45989		46703		47459
44537		45263		46021		46723		47491
44543		45281		46027		46727		47497
44549		45289		46049		46747		47501
44563		45293		46051		46751		47507
44579		45307		46061		46757		47513
44587		45317		46073		46769		47521
44617		45319		46091		46771		47527
44621		45329		46093		46807		47533
44623		45337		46099		46811		47543
44633		45341		46103		46817		47563
44641		45343		46133		46819		47569
44647		45361		46141		46829		47581
44651		45377		46147		46831		47591
44657		45389		46153		46853		47599
44683		45403		46171		46861		47609
44687		45413		46181		46867		47623
44699		45427		46183		46877		47629
44701		45433		46187		46889		47639
44711		45439		46199		46901		47653
44729		45481		46219		46919		47657
44741		45491		46229		46933		47659
44753		45497		46237		46957		47681
44771		45503		46261		46993		47699
44773		45523		46271		46997		47701
44777		45533		46273		47017		47711
44789		45541		46279		47041		47713
44797		45553		46301		47051		47717
44809		45557		46307		47057		47737
44819		45569		46309		47059		47741
44839		45587		46327		47087		47743
44843		45589		46337		47093		47777
44851		45599		46349		47111		47779
44867		45613		46351		47119		47791
44879		45631		46381		47123		47797
44887		45641		46399		47129		47807
44893		45659		46411		47137		47809
44909		45667		46439		47143		47819
44917		45673		46441		47147		47837
44927		45677		46447		47149		47843
44939		45691		46451		47161		47857
44953		45697		46457		47189		47869
44959		45707		46471		47207		47881
44963		45737		46477		47221		47903
44971		45751		46489		47237		47911
44983		45757		46499		47251		47917
44987		45763		46507		47269		47933
45007		45767		46511		47279		47939
45013		45779		46523		47287		47947
45053		45817		46549		47293		47951
45061		45821		46559		47297		47963
45077		45823		46567		47303		47969
45083		45827		46573		47309		47977
45119		45833		46589		47317		47981
45121		45841		46591		47339		48017
45127		45853		46601		47351		48023
45131		45863		46619		47353		48029
45137		45869		46633		47363		48049
48073		48787		49463		50131		50923
48079		48799		49477		50147		50929
48091		48809		49481		50153		50951
48109		48817		49499		50159		50957
48119		48821		49523		50177		50969
48121		48823		49529		50207		50971
48131		48847		49531		50221		50989
48157		48857		49537		50227		50993
48163		48859		49547		50231		51001
48179		48869		49549		50261		51031
48187		48871		49559		50263		51043
48193		48883		49597		50273		51047
48197		48889		49603		50287		51059
48221		48907		49613		50291		51061
48239		48947		49627		50311		51071
48247		48953		49633		50321		51109
48259		48973		49639		50329		51131
48271		48989		49663		50333		51133
48281		48991		49667		50341		51137
48299		49003		49669		50359		51151
48311		49009		49681		50363		51157
48313		49019		49697		50377		51169
48337		49031		49711		50383		51193
48341		49033		49727		50387		51197
48353		49037		49739		50411		51199
48371		49043		49741		50417		51203
48383		49057		49747		50423		51217
48397		49069		49757		50441		51229
48407		49081		49783		50459		51239
48409		49103		49787		50461		51241
48413		49109		49789		50497		51257
48437		49117		49801		50503		51263
48449		49121		49807		50513		51283
48463		49123		49811		50527		51287
48473		49139		49823		50539		51307
48479		49157		49831		50543		51329
48481		49169		49843		50549		51341
48487		49171		49853		50551		51343
48491		49177		49871		50581		51347
48497		49193		49877		50587		51349
48523		49199		49891		50591		51361
48527		49201		49919		50593		51383
48533		49207		49921		50599		51407
48539		49211		49927		50627		51413
48541		49223		49937		50647		51419
48563		49253		49939		50651		51421
48571		49261		49943		50671		51427
48589		49277		49957		50683		51431
48593		49279		49991		50707		51437
48611		49297		49993		50723		51439
48619		49307		49999		50741		51449
48623		49331		50021		50753		51461
48647		49333		50023		50767		51473
48649		49339		50033		50773		51479
48661		49363		50047		50777		51481
48673		49367		50051		50789		51487
48677		49369		50053		50821		51503
48679		49391		50069		50833		51511
48731		49393		50077		50839		51517
48733		49409		50087		50849		51521
48751		49411		50093		50857		51539
48757		49417		50101		50867		51551
48761		49429		50111		50873		51563
48767		49433		50119		50891		51577
48779		49451		50123		50893		51581
48781		49459		50129		50909		51593
51599		52301		53069		53777		54499
51607		52313		53077		53783		54503
51613		52321		53087		53791		54517
51631		52361		53089		53813		54521
51637		52363		53093		53819		54539
51647		52369		53101		53831		54541
51659		52379		53113		53849		54547
51673		52387		53117		53857		54559
51679		52391		53129		53861		54563
51683		52433		53147		53881		54577
51691		52453		53149		53887		54581
51713		52457		53161		53891		54583
51719		52489		53171		53897		54601
51721		52501		53173		53899		54617
51749		52511		53189		53917		54623
51767		52517		53197		53923		54629
51769		52529		53201		53927		54631
51787		52541		53231		53939		54647
51797		52543		53233		53951		54667
51803		52553		53239		53959		54673
51817		52561		53267		53987		54679
51827		52567		53269		53993		54709
51829		52571		53279		54001		54713
51839		52579		53281		54011		54721
51853		52583		53299		54013		54727
51859		52609		53309		54037		54751
51869		52627		53323		54049		54767
51871		52631		53327		54059		54773
51893		52639		53353		54083		54779
51899		52667		53359		54091		54787
51907		52673		53377		54101		54799
51913		52691		53381		54121		54829
51929		52697		53401		54133		54833
51941		52709		53407		54139		54851
51949		52711		53411		54151		54869
51971		52721		53419		54163		54877
51973		52727		53437		54167		54881
51977		52733		53441		54181		54907
51991		52747		53453		54193		54917
52009		52757		53479		54217		54919
52021		52769		53503		54251		54941
52027		52783		53507		54269		54949
52051		52807		53527		54277		54959
52057		52813		53549		54287		54973
52067		52817		53551		54293		54979
52069		52837		53569		54311		54983
52081		52859		53591		54319		55001
52103		52861		53593		54323		55009
52121		52879		53597		54331		55021
52127		52883		53609		54347		55049
52147		52889		53611		54361		55051
52153		52901		53617		54367		55057
52163		52903		53623		54371		55061
52177		52919		53629		54377		55073
52181		52937		53633		54401		55079
52183		52951		53639		54403		55103
52189		52957		53653		54409		55109
52201		52963		53657		54413		55117
52223		52967		53681		54419		55127
52237		52973		53693		54421		55147
52249		52981		53699		54437		55163
52253		52999		53717		54443		55171
52259		53003		53719		54449		55201
52267		53017		53731		54469		55207
52289		53047		53759		54493		55213
52291		53051		53773		54497		55217
55219		55927		56633		57271		58027
55229		55931		56659		57283		58031
55243		55933		56663		57287		58043
55249		55949		56671		57301		58049
55259		55967		56681		57329		58057
55291		55987		56687		57331		58061
55313		55997		56701		57347		58067
55331		56003		56711		57349		58073
55333		56009		56713		57367		58099
55337		56039		56731		57373		58109
55339		56041		56737		57383		58111
55343		56053		56747		57389		58129
55351		56081		56767		57397		58147
55373		56087		56773		57413		58151
55381		56093		56779		57427		58153
55399		56099		56783		57457		58169
55411		56101		56807		57467		58171
55439		56113		56809		57487		58189
55441		56123		56813		57493		58193
55457		56131		56821		57503		58199
55469		56149		56827		57527		58207
55487		56167		56843		57529		58211
55501		56171		56857		57557		58217
55511		56179		56873		57559		58229
55529		56197		56891		57571		58231
55541		56207		56893		57587		58237
55547		56209		56897		57593		58243
55579		56237		56909		57601		58271
55589		56239		56911		57637		58309
55603		56249		56921		57641		58313
55609		56263		56923		57649		58321
55619		56267		56929		57653		58337
55621		56269		56941		57667		58363
55631		56299		56951		57679		58367
55633		56311		56957		57689		58369
55639		56333		56963		57697		58379
55661		56359		56983		57709		58391
55663		56369		56989		57713		58393
55667		56377		56993		57719		58403
55673		56383		56999		57727		58411
55681		56393		57037		57731		58417
55691		56401		57041		57737		58427
55697		56417		57047		57751		58439
55711		56431		57059		57773		58441
55717		56437		57073		57781		58451
55721		56443		57077		57787		58453
55733		56453		57089		57791		58477
55763		56467		57097		57793		58481
55787		56473		57107		57803		58511
55793		56477		57119		57809		58537
55799		56479		57131		57829		58543
55807		56489		57139		57839		58549
55813		56501		57143		57847		58567
55817		56503		57149		57853		58573
55819		56509		57163		57859		58579
55823		56519		57173		57881		58601
55829		56527		57179		57899		58603
55837		56531		57191		57901		58613
55843		56533		57193		57917		58631
55849		56543		57203		57923		58657
55871		56569		57221		57943		58661
55889		56591		57223		57947		58679
55897		56597		57241		57973		58687
55901		56599		57251		57977		58693
55903		56611		57259		57991		58699
55921		56629		57269		58013		58711
58727		59417		60149		60917		61667
58733		59419		60161		60919		61673
58741		59441		60167		60923		61681
58757		59443		60169		60937		61687
58763		59447		60209		60943		61703
58771		59453		60217		60953		61717
58787		59467		60223		60961		61723
58789		59471		60251		61001		61729
58831		59473		60257		61007		61751
58889		59497		60259		61027		61757
58897		59509		60271		61031		61781
58901		59513		60289		61043		61813
58907		59539		60293		61051		61819
58909		59557		60317		61057		61837
58913		59561		60331		61091		61843
58921		59567		60337		61099		61861
58937		59581		60343		61121		61871
58943		59611		60353		61129		61879
58963		59617		60373		61141		61909
58967		59621		60383		61151		61927
58979		59627		60397		61153		61933
58991		59629		60413		61169		61949
58997		59651		60427		61211		61961
59009		59659		60443		61223		61967
59011		59663		60449		61231		61979
59021		59669		60457		61253		61981
59023		59671		60493		61261		61987
59029		59693		60497		61283		61991
59051		59699		60509		61291		62003
59053		59707		60521		61297		62011
59063		59723		60527		61331		62017
59069		59729		60539		61333		62039
59077		59743		60589		61339		62047
59083		59747		60601		61343		62053
59093		59753		60607		61357		62057
59107		59771		60611		61363		62071
59113		59779		60617		61379		62081
59119		59791		60623		61381		62099
59123		59797		60631		61403		62119
59141		59809		60637		61409		62129
59149		59833		60647		61417		62131
59159		59863		60649		61441		62137
59167		59879		60659		61463		62141
59183		59887		60661		61469		62143
59197		59921		60679		61471		62171
59207		59929		60689		61483		62189
59209		59951		60703		61487		62191
59219		59957		60719		61493		62201
59221		59971		60727		61507		62207
59233		59981		60733		61511		62213
59239		59999		60737		61519		62219
59243		60013		60757		61543		62233
59263		60017		60761		61547		62273
59273		60029		60763		61553		62297
59281		60037		60773		61559		62299
59333		60041		60779		61561		62303
59341		60077		60793		61583		62311
59351		60083		60811		61603		62323
59357		60089		60821		61609		62327
59359		60091		60859		61613		62347
59369		60101		60869		61627		62351
59377		60103		60887		61631		62383
59387		60107		60889		61637		62401
59393		60127		60899		61643		62417
59399		60133		60901		61651		62423
59407		60139		60913		61657		62459
62467		63241		63841		64679		65423
62473		63247		63853		64693		65437
62477		63277		63857		64709		65447
62483		63281		63863		64717		65449
62497		63299		63901		64747		65479
62501		63311		63907		64763		65497
62507		63313		63913		64781		65519
62533		63317		63929		64783		65521
62539		63331		63949		64793		65537
62549		63337		63977		64811		65539
62563		63347		63997		64817		65543
62581		63353		64007		64849		65551
62591		63361		64013		64853		65557
62597		63367		64019		64871		65563
62603		63377		64033		64877		65579
62617		63389		64037		64879		65581
62627		63391		64063		64891		65587
62633		63397		64067		64901		65599
62639		63409		64081		64919		65609
62653		63419		64091		64921		65617
62659		63421		64109		64927		65629
62683		63439		64123		64937		65633
62687		63443		64151		64951		65647
62701		63463		64153		64969		65651
62723		63467		64157		64997		65657
62731		63473		64171		65003		65677
62743		63487		64187		65011		65687
62753		63493		64189		65027		65699
62761		63499		64217		65029		65701
62773		63521		64223		65033		65707
62791		63527		64231		65053		65713
62801		63533		64237		65063		65717
62819		63541		64271		65071		65719
62827		63559		64279		65089		65729
62851		63577		64283		65099		65731
62861		63587		64301		65101		65761
62869		63589		64303		65111		65777
62873		63599		64319		65119		65789
62897		63601		64327		65123		65809
62903		63607		64333		65129		65827
62921		63611		64373		65141		65831
62927		63617		64381		65147		65837
62929		63629		64399		65167		65839
62939		63647		64403		65171		65843
62969		63649		64433		65173		65851
62971		63659		64439		65179		65867
62981		63667		64451		65183		65881
62983		63671		64453		65203		65899
62987		63689		64483		65213		65921
62989		63691		64489		65239		65927
63029		63697		64499		65257		65929
63031		63703		64513		65267		65951
63059		63709		64553		65269		65957
63067		63719		64567		65287		65963
63073		63727		64577		65293		65981
63079		63737		64579		65309		65983
63097		63743		64591		65323		65993
63103		63761		64601		65327		66029
63113		63773		64609		65353		66037
63127		63781		64613		65357		66041
63131		63793		64621		65371		66047
63149		63799		64627		65381		66067
63179		63803		64633		65393		66071
63197		63809		64661		65407		66083
63199		63823		64663		65413		66089
63211		63839		64667		65419		66103
66107		66919		67577		68351		69127
66109		66923		67579		68371		69143
66137		66931		67589		68389		69149
66161		66943		67601		68399		69151
66169		66947		67607		68437		69163
66173		66949		67619		68443		69191
66179		66959		67631		68447		69193
66191		66973		67651		68449		69197
66221		66977		67679		68473		69203
66239		67003		67699		68477		69221
66271		67021		67709		68483		69233
66293		67033		67723		68489		69239
66301		67043		67733		68491		69247
66337		67049		67741		68501		69257
66343		67057		67751		68507		69259
66347		67061		67757		68521		69263
66359		67073		67759		68531		69313
66361		67079		67763		68539		69317
66373		67103		67777		68543		69337
66377		67121		67783		68567		69341
66383		67129		67789		68581		69371
66403		67139		67801		68597		69379
66413		67141		67807		68611		69383
66431		67153		67819		68633		69389
66449		67157		67829		68639		69401
66457		67169		67843		68659		69403
66463		67181		67853		68669		69427
66467		67187		67867		68683		69431
66491		67189		67883		68687		69439
66499		67211		67891		68699		69457
66509		67213		67901		68711		69463
66523		67217		67927		68713		69467
66529		67219		67931		68729		69473
66533		67231		67933		68737		69481
66541		67247		67939		68743		69491
66553		67261		67943		68749		69493
66569		67271		67957		68767		69497
66571		67273		67961		68771		69499
66587		67289		67967		68777		69539
66593		67307		67979		68791		69557
66601		67339		67987		68813		69593
66617		67343		67993		68819		69623
66629		67349		68023		68821		69653
66643		67369		68041		68863		69661
66653		67391		68053		68879		69677
66683		67399		68059		68881		69691
66697		67409		68071		68891		69697
66701		67411		68087		68897		69709
66713		67421		68099		68899		69737
66721		67427		68111		68903		69739
66733		67429		68113		68909		69761
66739		67433		68141		68917		69763
66749		67447		68147		68927		69767
66751		67453		68161		68947		69779
66763		67477		68171		68963		69809
66791		67481		68207		68993		69821
66797		67489		68209		69001		69827
66809		67493		68213		69011		69829
66821		67499		68219		69019		69833
66841		67511		68227		69029		69847
66851		67523		68239		69031		69857
66853		67531		68261		69061		69859
66863		67537		68279		69067		69877
66877		67547		68281		69073		69899
66883		67559		68311		69109		69911
66889		67567		68329		69119		69929
69931		70621		71339		72019		72739
69941		70627		71341		72031		72763
69959		70639		71347		72043		72767
69991		70657		71353		72047		72797
69997		70663		71359		72053		72817
70001		70667		71363		72073		72823
70003		70687		71387		72077		72859
70009		70709		71389		72089		72869
70019		70717		71399		72091		72871
70039		70729		71411		72101		72883
70051		70753		71413		72103		72889
70061		70769		71419		72109		72893
70067		70783		71429		72139		72901
70079		70793		71437		72161		72907
70099		70823		71443		72167		72911
70111		70841		71453		72169		72923
70117		70843		71471		72173		72931
70121		70849		71473		72211		72937
70123		70853		71479		72221		72949
70139		70867		71483		72223		72953
70141		70877		71503		72227		72959
70157		70879		71527		72229		72973
70163		70891		71537		72251		72977
70177		70901		71549		72253		72997
70181		70913		71551		72269		73009
70183		70919		71563		72271		73013
70199		70921		71569		72277		73019
70201		70937		71593		72287		73037
70207		70949		71597		72307		73039
70223		70951		71633		72313		73043
70229		70957		71647		72337		73061
70237		70969		71663		72341		73063
70241		70979		71671		72353		73079
70249		70981		71693		72367		73091
70271		70991		71699		72379		73121
70289		70997		71707		72383		73127
70297		70999		71711		72421		73133
70309		71011		71713		72431		73141
70313		71023		71719		72461		73181
70321		71039		71741		72467		73189
70327		71059		71761		72469		73237
70351		71069		71777		72481		73243
70373		71081		71789		72493		73259
70379		71089		71807		72497		73277
70381		71119		71809		72503		73291
70393		71129		71821		72533		73303
70423		71143		71837		72547		73309
70429		71147		71843		72551		73327
70439		71153		71849		72559		73331
70451		71161		71861		72577		73351
70457		71167		71867		72613		73361
70459		71171		71879		72617		73363
70481		71191		71881		72623		73369
70487		71209		71887		72643		73379
70489		71233		71899		72647		73387
70501		71237		71909		72649		73417
70507		71249		71917		72661		73421
70529		71257		71933		72671		73433
70537		71261		71941		72673		73453
70549		71263		71947		72679		73459
70571		71287		71963		72689		73471
70573		71293		71971		72701		73477
70583		71317		71983		72707		73483
70589		71327		71987		72719		73517
70607		71329		71993		72727		73523
70619		71333		71999		72733		73529
73547		74279		74959		75707		76493
73553		74287		75011		75709		76507
73561		74293		75013		75721		76511
73571		74297		75017		75731		76519
73583		74311		75029		75743		76537
73589		74317		75037		75767		76541
73597		74323		75041		75773		76543
73607		74353		75079		75781		76561
73609		74357		75083		75787		76579
73613		74363		75109		75793		76597
73637		74377		75133		75797		76603
73643		74381		75149		75821		76607
73651		74383		75161		75833		76631
73673		74411		75167		75853		76649
73679		74413		75169		75869		76651
73681		74419		75181		75883		76667
73693		74441		75193		75913		76673
73699		74449		75209		75931		76679
73709		74453		75211		75937		76697
73721		74471		75217		75941		76717
73727		74489		75223		75967		76733
73751		74507		75227		75979		76753
73757		74509		75239		75983		76757
73771		74521		75253		75989		76771
73783		74527		75269		75991		76777
73819		74531		75277		75997		76781
73823		74551		75289		76001		76801
73847		74561		75307		76003		76819
73849		74567		75323		76031		76829
73859		74573		75329		76039		76831
73867		74587		75337		76079		76837
73877		74597		75347		76081		76847
73883		74609		75353		76091		76871
73897		74611		75367		76099		76873
73907		74623		75377		76103		76883
73939		74653		75389		76123		76907
73943		74687		75391		76129		76913
73951		74699		75401		76147		76919
73961		74707		75403		76157		76943
73973		74713		75407		76159		76949
73999		74717		75431		76163		76961
74017		74719		75437		76207		76963
74021		74729		75479		76213		76991
74027		74731		75503		76231		77003
74047		74747		75511		76243		77017
74051		74759		75521		76249		77023
74071		74761		75527		76253		77029
74077		74771		75533		76259		77041
74093		74779		75539		76261		77047
74099		74797		75541		76283		77069
74101		74821		75553		76289		77081
74131		74827		75557		76303		77093
74143		74831		75571		76333		77101
74149		74843		75577		76343		77137
74159		74857		75583		76367		77141
74161		74861		75611		76369		77153
74167		74869		75617		76379		77167
74177		74873		75619		76387		77171
74189		74887		75629		76403		77191
74197		74891		75641		76421		77201
74201		74897		75653		76423		77213
74203		74903		75659		76441		77237
74209		74923		75679		76463		77239
74219		74929		75683		76471		77243
74231		74933		75689		76481		77249
74257		74941		75703		76487		77261
77263		77933		78721		79493		80221
77267		77951		78737		79531		80231
77269		77969		78779		79537		80233
77279		77977		78781		79549		80239
77291		77983		78787		79559		80251
77317		77999		78791		79561		80263
77323		78007		78797		79579		80273
77339		78017		78803		79589		80279
77347		78031		78809		79601		80287
77351		78041		78823		79609		80309
77359		78049		78839		79613		80317
77369		78059		78853		79621		80329
77377		78079		78857		79627		80341
77383		78101		78877		79631		80347
77417		78121		78887		79633		80363
77419		78137		78889		79657		80369
77431		78139		78893		79669		80387
77447		78157		78901		79687		80407
77471		78163		78919		79691		80429
77477		78167		78929		79693		80447
77479		78173		78941		79697		80449
77489		78179		78977		79699		80471
77491		78191		78979		79757		80473
77509		78193		78989		79769		80489
77513		78203		79031		79777		80491
77521		78229		79039		79801		80513
77527		78233		79043		79811		80527
77543		78241		79063		79813		80537
77549		78259		79087		79817		80557
77551		78277		79103		79823		80567
77557		78283		79111		79829		80599
77563		78301		79133		79841		80603
77569		78307		79139		79843		80611
77573		78311		79147		79847		80621
77587		78317		79151		79861		80627
77591		78341		79153		79867		80629
77611		78347		79159		79873		80651
77617		78367		79181		79889		80657
77621		78401		79187		79901		80669
77641		78427		79193		79903		80671
77647		78437		79201		79907		80677
77659		78439		79229		79939		80681
77681		78467		79231		79943		80683
77687		78479		79241		79967		80687
77689		78487		79259		79973		80701
77699		78497		79273		79979		80713
77711		78509		79279		79987		80737
77713		78511		79283		79997		80747
77719		78517		79301		79999		80749
77723		78539		79309		80021		80761
77731		78541		79319		80039		80777
77743		78553		79333		80051		80779
77747		78569		79337		80071		80783
77761		78571		79349		80077		80789
77773		78577		79357		80107		80803
77783		78583		79367		80111		80809
77797		78593		79379		80141		80819
77801		78607		79393		80147		80831
77813		78623		79397		80149		80833
77839		78643		79399		80153		80849
77849		78649		79411		80167		80863
77863		78653		79423		80173		80897
77867		78691		79427		80177		80909
77893		78697		79433		80191		80911
77899		78707		79451		80207		80917
77929		78713		79481		80209		80923
80929		81667		82361		83137		83921
80933		81671		82373		83177		83933
80953		81677		82387		83203		83939
80963		81689		82393		83207		83969
80989		81701		82421		83219		83983
81001		81703		82457		83221		83987
81013		81707		82463		83227		84011
81017		81727		82469		83231		84017
81019		81737		82471		83233		84047
81023		81749		82483		83243		84053
81031		81761		82487		83257		84059
81041		81769		82493		83267		84061
81043		81773		82499		83269		84067
81047		81799		82507		83273		84089
81049		81817		82529		83299		84121
81071		81839		82531		83311		84127
81077		81847		82549		83339		84131
81083		81853		82559		83341		84137
81097		81869		82561		83357		84143
81101		81883		82567		83383		84163
81119		81899		82571		83389		84179
81131		81901		82591		83399		84181
81157		81919		82601		83401		84191
81163		81929		82609		83407		84199
81173		81931		82613		83417		84211
81181		81937		82619		83423		84221
81197		81943		82633		83431		84223
81199		81953		82651		83437		84229
81203		81967		82657		83443		84239
81223		81971		82699		83449		84247
81233		81973		82721		83459		84263
81239		82003		82723		83471		84299
81281		82007		82727		83477		84307
81283		82009		82729		83497		84313
81293		82013		82757		83537		84317
81299		82021		82759		83557		84319
81307		82031		82763		83561		84347
81331		82037		82781		83563		84349
81343		82039		82787		83579		84377
81349		82051		82793		83591		84389
81353		82067		82799		83597		84391
81359		82073		82811		83609		84401
81371		82129		82813		83617		84407
81373		82139		82837		83621		84421
81401		82141		82847		83639		84431
81409		82153		82883		83641		84437
81421		82163		82889		83653		84443
81439		82171		82891		83663		84449
81457		82183		82903		83689		84457
81463		82189		82913		83701		84463
81509		82193		82939		83717		84467
81517		82207		82963		83719		84481
81527		82217		82981		83737		84499
81533		82219		82997		83761		84503
81547		82223		83003		83773		84509
81551		82231		83009		83777		84521
81553		82237		83023		83791		84523
81559		82241		83047		83813		84533
81563		82261		83059		83833		84551
81569		82267		83063		83843		84559
81611		82279		83071		83857		84589
81619		82301		83077		83869		84629
81629		82307		83089		83873		84631
81637		82339		83093		83891		84649
81647		82349		83101		83903		84653
81649		82351		83117		83911		84659
84673		85447		86239		86981		87683
84691		85451		86243		86993		87691
84697		85453		86249		87011		87697
84701		85469		86257		87013		87701
84713		85487		86263		87037		87719
84719		85513		86269		87041		87721
84731		85517		86287		87049		87739
84737		85523		86291		87071		87743
84751		85531		86293		87083		87751
84761		85549		86297		87103		87767
84787		85571		86311		87107		87793
84793		85577		86323		87119		87797
84809		85597		86341		87121		87803
84811		85601		86351		87133		87811
84827		85607		86353		87149		87833
84857		85619		86357		87151		87853
84859		85621		86369		87179		87869
84869		85627		86371		87181		87877
84871		85639		86381		87187		87881
84913		85643		86389		87211		87887
84919		85661		86399		87221		87911
84947		85667		86413		87223		87917
84961		85669		86423		87251		87931
84967		85691		86441		87253		87943
84977		85703		86453		87257		87959
84979		85711		86461		87277		87961
84991		85717		86467		87281		87973
85009		85733		86477		87293		87977
85021		85751		86491		87299		87991
85027		85781		86501		87313		88001
85037		85793		86509		87317		88003
85049		85817		86531		87323		88007
85061		85819		86533		87337		88019
85081		85829		86539		87359		88037
85087		85831		86561		87383		88069
85091		85837		86573		87403		88079
85093		85843		86579		87407		88093
85103		85847		86587		87421		88117
85109		85853		86599		87427		88129
85121		85889		86627		87433		88169
85133		85903		86629		87443		88177
85147		85909		86677		87473		88211
85159		85931		86689		87481		88223
85193		85933		86693		87491		88237
85199		85991		86711		87509		88241
85201		85999		86719		87511		88259
85213		86011		86729		87517		88261
85223		86017		86743		87523		88289
85229		86027		86753		87539		88301
85237		86029		86767		87541		88321
85243		86069		86771		87547		88327
85247		86077		86783		87553		88337
85259		86083		86813		87557		88339
85297		86111		86837		87559		88379
85303		86113		86843		87583		88397
85313		86117		86851		87587		88411
85331		86131		86857		87589		88423
85333		86137		86861		87613		88427
85361		86143		86869		87623		88463
85363		86161		86923		87629		88469
85369		86171		86927		87631		88471
85381		86179		86929		87641		88493
85411		86183		86939		87643		88499
85427		86197		86951		87649		88513
85429		86201		86959		87671		88523
85439		86209		86969		87679		88547
88589		89273		89989		90703		91459
88591		89293		90001		90709		91463
88607		89303		90007		90731		91493
88609		89317		90011		90749		91499
88643		89329		90017		90787		91513
88651		89363		90019		90793		91529
88657		89371		90023		90803		91541
88661		89381		90031		90821		91571
88663		89387		90053		90823		91573
88667		89393		90059		90833		91577
88681		89399		90067		90841		91583
88721		89413		90071		90847		91591
88729		89417		90073		90863		91621
88741		89431		90089		90887		91631
88747		89443		90107		90901		91639
88771		89449		90121		90907		91673
88789		89459		90127		90911		91691
88793		89477		90149		90917		91703
88799		89491		90163		90931		91711
88801		89501		90173		90947		91733
88807		89513		90187		90971		91753
88811		89519		90191		90977		91757
88813		89521		90197		90989		91771
88817		89527		90199		90997		91781
88819		89533		90203		91009		91801
88843		89561		90217		91019		91807
88853		89563		90227		91033		91811
88861		89567		90239		91079		91813
88867		89591		90247		91081		91823
88873		89597		90263		91097		91837
88883		89599		90271		91099		91841
88897		89603		90281		91121		91867
88903		89611		90289		91127		91873
88919		89627		90313		91129		91909
88937		89633		90353		91139		91921
88951		89653		90359		91141		91939
88969		89657		90371		91151		91943
88993		89659		90373		91153		91951
88997		89669		90379		91159		91957
89003		89671		90397		91163		91961
89009		89681		90401		91183		91967
89017		89689		90403		91193		91969
89021		89753		90407		91199		91997
89041		89759		90437		91229		92003
89051		89767		90439		91237		92009
89057		89779		90469		91243		92033
89069		89783		90473		91249		92041
89071		89797		90481		91253		92051
89083		89809		90499		91283		92077
89087		89819		90511		91291		92083
89101		89821		90523		91297		92107
89107		89833		90527		91303		92111
89113		89839		90529		91309		92119
89119		89849		90533		91331		92143
89123		89867		90547		91367		92153
89137		89891		90583		91369		92173
89153		89897		90599		91373		92177
89189		89899		90617		91381		92179
89203		89909		90619		91387		92189
89209		89917		90631		91393		92203
89213		89923		90641		91397		92219
89227		89939		90647		91411		92221
89231		89959		90659		91423		92227
89237		89963		90677		91433		92233
89261		89977		90679		91453		92237
89269		89983		90697		91457		92243
92251		92921		93683		94441		95189
92269		92927		93701		94447		95191
92297		92941		93703		94463		95203
92311		92951		93719		94477		95213
92317		92957		93739		94483		95219
92333		92959		93761		94513		95231
92347		92987		93763		94529		95233
92353		92993		93787		94531		95239
92357		93001		93809		94541		95257
92363		93047		93811		94543		95261
92369		93053		93827		94547		95267
92377		93059		93851		94559		95273
92381		93077		93871		94561		95279
92383		93083		93887		94573		95287
92387		93089		93889		94583		95311
92399		93097		93893		94597		95317
92401		93103		93901		94603		95327
92413		93113		93911		94613		95339
92419		93131		93913		94621		95369
92431		93133		93923		94649		95383
92459		93139		93937		94651		95393
92461		93151		93941		94687		95401
92467		93169		93949		94693		95413
92479		93179		93967		94709		95419
92489		93187		93971		94723		95429
92503		93199		93979		94727		95441
92507		93229		93983		94747		95443
92551		93239		93997		94771		95461
92557		93241		94007		94777		95467
92567		93251		94009		94781		95471
92569		93253		94033		94789		95479
92581		93257		94049		94793		95483
92593		93263		94057		94811		95507
92623		93281		94063		94819		95527
92627		93283		94079		94823		95531
92639		93287		94099		94837		95539
92641		93307		94109		94841		95549
92647		93319		94111		94847		95561
92657		93323		94117		94849		95569
92669		93329		94121		94873		95581
92671		93337		94151		94889		95597
92681		93371		94153		94903		95603
92683		93377		94169		94907		95617
92693		93383		94201		94933		95621
92699		93407		94207		94949		95629
92707		93419		94219		94951		95633
92717		93427		94229		94961		95651
92723		93463		94253		94993		95701
92737		93479		94261		94999		95707
92753		93481		94273		95003		95713
92761		93487		94291		95009		95717
92767		93491		94307		95021		95723
92779		93493		94309		95027		95731
92789		93497		94321		95063		95737
92791		93503		94327		95071		95747
92801		93523		94331		95083		95773
92809		93529		94343		95087		95783
92821		93553		94349		95089		95789
92831		93557		94351		95093		95791
92849		93559		94379		95101		95801
92857		93563		94397		95107		95803
92861		93581		94399		95111		95813
92863		93601		94421		95131		95819
92867		93607		94427		95143		95857
92893		93629		94433		95153		95869
92899		93637		94439		95177		95873
95881		96671		97459		98299		98999
95891		96697		97463		98317		99013
95911		96703		97499		98321		99017
95917		96731		97501		98323		99023
95923		96737		97511		98327		99041
95929		96739		97523		98347		99053
95947		96749		97547		98369		99079
95957		96757		97549		98377		99083
95959		96763		97553		98387		99089
95971		96769		97561		98389		99103
95987		96779		97571		98407		99109
95989		96787		97577		98411		99119
96001		96797		97579		98419		99131
96013		96799		97583		98429		99133
96017		96821		97607		98443		99137
96043		96823		97609		98453		99139
96053		96827		97613		98459		99149
96059		96847		97649		98467		99173
96079		96851		97651		98473		99181
96097		96857		97673		98479		99191
96137		96893		97687		98491		99223
96149		96907		97711		98507		99233
96157		96911		97729		98519		99241
96167		96931		97771		98533		99251
96179		96953		97777		98543		99257
96181		96959		97787		98561		99259
96199		96973		97789		98563		99277
96211		96979		97813		98573		99289
96221		96989		97829		98597		99317
96223		96997		97841		98621		99347
96233		97001		97843		98627		99349
96259		97003		97847		98639		99367
96263		97007		97849		98641		99371
96269		97021		97859		98663		99377
96281		97039		97861		98669		99391
96289		97073		97871		98689		99397
96293		97081		97879		98711		99401
96323		97103		97883		98713		99409
96329		97117		97919		98717		99431
96331		97127		97927		98729		99439
96337		97151		97931		98731		99469
96353		97157		97943		98737		99487
96377		97159		97961		98773		99497
96401		97169		97967		98779		99523
96419		97171		97973		98801		99527
96431		97177		97987		98807		99529
96443		97187		98009		98809		99551
96451		97213		98011		98837		99559
96457		97231		98017		98849		99563
96461		97241		98041		98867		99571
96469		97259		98047		98869		99577
96479		97283		98057		98873		99581
96487		97301		98081		98887		99607
96493		97303		98101		98893		99611
96497		97327		98123		98897		99623
96517		97367		98129		98899		99643
96527		97369		98143		98909		99661
96553		97373		98179		98911		99667
96557		97379		98207		98927		99679
96581		97381		98213		98929		99689
96587		97387		98221		98939		99707
96589		97397		98227		98947		99709
96601		97423		98251		98953		99713
96643		97429		98257		98963		99719
96661		97441		98269		98981		99721
96667		97453		98297		98993		99733
99761		100523		101323		102019		102761
99767		100537		101333		102023		102763
99787		100547		101341		102031		102769
99793		100549		101347		102043		102793
99809		100559		101359		102059		102797
99817		100591		101363		102061		102811
99823		100609		101377		102071		102829
99829		100613		101383		102077		102841
99833		100621		101399		102079		102859
99839		100649		101411		102101		102871
99859		100669		101419		102103		102877
99871		100673		101429		102107		102881
99877		100693		101449		102121		102911
99881		100699		101467		102139		102913
99901		100703		101477		102149		102929
99907		100733		101483		102161		102931
99923		100741		101489		102181		102953
99929		100747		101501		102191		102967
99961		100769		101503		102197		102983
99971		100787		101513		102199		103001
99989		100799		101527		102203		103007
99991		100801		101531		102217		103043
100003		100811		101533		102229		103049
100019		100823		101537		102233		103067
100043		100829		101561		102241		103069
100049		100847		101573		102251		103079
100057		100853		101581		102253		103087
100069		100907		101599		102259		103091
100103		100913		101603		102293		103093
100109		100927		101611		102299		103099
100129		100931		101627		102301		103123
100151		100937		101641		102317		103141
100153		100943		101653		102329		103171
100169		100957		101663		102337		103177
100183		100981		101681		102359		103183
100189		100987		101693		102367		103217
100193		100999		101701		102397		103231
100207		101009		101719		102407		103237
100213		101021		101723		102409		103289
100237		101027		101737		102433		103291
100267		101051		101741		102437		103307
100271		101063		101747		102451		103319
100279		101081		101749		102461		103333
100291		101089		101771		102481		103349
100297		101107		101789		102497		103357
100313		101111		101797		102499		103387
100333		101113		101807		102503		103391
100343		101117		101833		102523		103393
100357		101119		101837		102533		103399
100361		101141		101839		102539		103409
100363		101149		101863		102547		103421
100379		101159		101869		102551		103423
100391		101161		101873		102559		103451
100393		101173		101879		102563		103457
100403		101183		101891		102587		103471
100411		101197		101917		102593		103483
100417		101203		101921		102607		103511
100447		101207		101929		102611		103529
100459		101209		101939		102643		103549
100469		101221		101957		102647		103553
100483		101267		101963		102653		103561
100493		101273		101977		102667		103567
100501		101279		101987		102673		103573
100511		101281		101999		102677		103577
100517		101287		102001		102679		103583
100519		101293		102013		102701		103591
103613		104381		105143		105929		106663
103619		104383		105167		105943		106669
103643		104393		105173		105953		106681
103651		104399		105199		105967		106693
103657		104417		105211		105971		106699
103669		104459		105227		105977		106703
103681		104471		105229		105983		106721
103687		104473		105239		105997		106727
103699		104479		105251		106013		106739
103703		104491		105253		106019		106747
103723		104513		105263		106031		106751
103769		104527		105269		106033		106753
103787		104537		105277		106087		106759
103801		104543		105319		106103		106781
103811		104549		105323		106109		106783
103813		104551		105331		106121		106787
103837		104561		105337		106123		106801
103841		104579		105341		106129		106823
103843		104593		105359		106163		106853
103867		104597		105361		106181		106859
103889		104623		105367		106187		106861
103903		104639		105373		106189		106867
103913		104651		105379		106207		106871
103919		104659		105389		106213		106877
103951		104677		105397		106217		106903
103963		104681		105401		106219		106907
103967		104683		105407		106243		106921
103969		104693		105437		106261		106937
103979		104701		105449		106273		106949
103981		104707		105467		106277		106957
103991		104711		105491		106279		106961
103993		104717		105499		106291		106963
103997		104723		105503		106297		106979
104003		104729		105509		106303		106993
104009		104743		105517		106307		107021
104021		104759		105527		106319		107033
104033		104761		105529		106321		107053
104047		104773		105533		106331		107057
104053		104779		105541		106349		107069
104059		104789		105557		106357		107071
104087		104801		105563		106363		107077
104089		104803		105601		106367		107089
104107		104827		105607		106373		107099
104113		104831		105613		106391		107101
104119		104849		105619		106397		107119
104123		104851		105649		106411		107123
104147		104869		105653		106417		107137
104149		104879		105667		106427		107171
104161		104891		105673		106433		107183
104173		104911		105683		106441		107197
104179		104917		105691		106451		107201
104183		104933		105701		106453		107209
104207		104947		105727		106487		107227
104231		104953		105733		106501		107243
104233		104959		105751		106531		107251
104239		104971		105761		106537		107269
104243		104987		105767		106541		107273
104281		104999		105769		106543		107279
104287		105019		105817		106591		107309
104297		105023		105829		106619		107323
104309		105031		105863		106621		107339
104311		105037		105871		106627		107347
104323		105071		105883		106637		107351
104327		105097		105899		106649		107357
104347		105107		105907		106657		107377
104369		105137		105913		106661		107441
107449		108223		108967		109721		110567
107453		108233		108971		109741		110569
107467		108247		108991		109751		110573
107473		108263		109001		109789		110581
107507		108271		109013		109793		110587
107509		108287		109037		109807		110597
107563		108289		109049		109819		110603
107581		108293		109063		109829		110609
107599		108301		109073		109831		110623
107603		108343		109097		109841		110629
107609		108347		109103		109843		110641
107621		108359		109111		109847		110647
107641		108377		109121		109849		110651
107647		108379		109133		109859		110681
107671		108401		109139		109873		110711
107687		108413		109141		109883		110729
107693		108421		109147		109891		110731
107699		108439		109159		109897		110749
107713		108457		109169		109903		110753
107717		108461		109171		109913		110771
107719		108463		109199		109919		110777
107741		108497		109201		109937		110807
107747		108499		109211		109943		110813
107761		108503		109229		109961		110819
107773		108517		109253		109987		110821
107777		108529		109267		110017		110849
107791		108533		109279		110023		110863
107827		108541		109297		110039		110879
107837		108553		109303		110051		110881
107839		108557		109313		110059		110899
107843		108571		109321		110063		110909
107857		108587		109331		110069		110917
107867		108631		109357		110083		110921
107873		108637		109363		110119		110923
107881		108643		109367		110129		110927
107897		108649		109379		110161		110933
107903		108677		109387		110183		110939
107923		108707		109391		110221		110947
107927		108709		109397		110233		110951
107941		108727		109423		110237		110969
107951		108739		109433		110251		110977
107971		108751		109441		110261		110989
107981		108761		109451		110269		111029
107999		108769		109453		110273		111031
108007		108791		109469		110281		111043
108011		108793		109471		110291		111049
108013		108799		109481		110311		111053
108023		108803		109507		110321		111091
108037		108821		109517		110323		111103
108041		108827		109519		110339		111109
108061		108863		109537		110359		111119
108079		108869		109541		110419		111121
108089		108877		109547		110431		111127
108107		108881		109567		110437		111143
108109		108883		109579		110441		111149
108127		108887		109583		110459		111187
108131		108893		109589		110477		111191
108139		108907		109597		110479		111211
108161		108917		109609		110491		111217
108179		108923		109619		110501		111227
108187		108929		109621		110503		111229
108191		108943		109639		110527		111253
108193		108947		109661		110533		111263
108203		108949		109663		110543		111269
108211		108959		109673		110557		111271
108217		108961		109717		110563		111301
111317		112097		112913		113623		114451
111323		112103		112919		113647		114467
111337		112111		112921		113657		114473
111341		112121		112927		113683		114479
111347		112129		112939		113717		114487
111373		112139		112951		113719		114493
111409		112153		112967		113723		114547
111427		112163		112979		113731		114553
111431		112181		112997		113749		114571
111439		112199		113011		113759		114577
111443		112207		113017		113761		114593
111467		112213		113021		113777		114599
111487		112223		113023		113779		114601
111491		112237		113027		113783		114613
111493		112241		113039		113797		114617
111497		112247		113041		113809		114641
111509		112249		113051		113819		114643
111521		112253		113063		113837		114649
111533		112261		113081		113843		114659
111539		112279		113083		113891		114661
111577		112289		113089		113899		114671
111581		112291		113093		113903		114679
111593		112297		113111		113909		114689
111599		112303		113117		113921		114691
111611		112327		113123		113933		114713
111623		112331		113131		113947		114743
111637		112337		113143		113957		114749
111641		112339		113147		113963		114757
111653		112349		113149		113969		114761
111659		112361		113153		113983		114769
111667		112363		113159		113989		114773
111697		112397		113161		114001		114781
111721		112403		113167		114013		114797
111731		112429		113171		114031		114799
111733		112459		113173		114041		114809
111751		112481		113177		114043		114827
111767		112501		113189		114067		114833
111773		112507		113209		114073		114847
111779		112543		113213		114077		114859
111781		112559		113227		114083		114883
111791		112571		113233		114089		114889
111799		112573		113279		114113		114901
111821		112577		113287		114143		114913
111827		112583		113327		114157		114941
111829		112589		113329		114161		114967
111833		112601		113341		114167		114973
111847		112603		113357		114193		114997
111857		112621		113359		114197		115001
111863		112643		113363		114199		115013
111869		112657		113371		114203		115019
111871		112663		113381		114217		115021
111893		112687		113383		114221		115057
111913		112691		113417		114229		115061
111919		112741		113437		114259		115067
111949		112757		113453		114269		115079
111953		112759		113467		114277		115099
111959		112771		113489		114281		115117
111973		112787		113497		114299		115123
111977		112799		113501		114311		115127
111997		112807		113513		114319		115133
112019		112831		113537		114329		115151
112031		112843		113539		114343		115153
112061		112859		113557		114371		115163
112067		112877		113567		114377		115183
112069		112901		113591		114407		115201
112087		112909		113621		114419		115211
115223		115901		116747		117517		118253
115237		115903		116789		117529		118259
115249		115931		116791		117539		118273
115259		115933		116797		117541		118277
115279		115963		116803		117563		118297
115301		115979		116819		117571		118343
115303		115981		116827		117577		118361
115309		115987		116833		117617		118369
115319		116009		116849		117619		118373
115321		116027		116867		117643		118387
115327		116041		116881		117659		118399
115331		116047		116903		117671		118409
115337		116089		116911		117673		118411
115343		116099		116923		117679		118423
115361		116101		116927		117701		118429
115363		116107		116929		117703		118453
115399		116113		116933		117709		118457
115421		116131		116953		117721		118463
115429		116141		116959		117727		118471
115459		116159		116969		117731		118493
115469		116167		116981		117751		118529
115471		116177		116989		117757		118543
115499		116189		116993		117763		118549
115513		116191		117017		117773		118571
115523		116201		117023		117779		118583
115547		116239		117037		117787		118589
115553		116243		117041		117797		118603
115561		116257		117043		117809		118619
115571		116269		117053		117811		118621
115589		116273		117071		117833		118633
115597		116279		117101		117839		118661
115601		116293		117109		117841		118669
115603		116329		117119		117851		118673
115613		116341		117127		117877		118681
115631		116351		117133		117881		118687
115637		116359		117163		117883		118691
115657		116371		117167		117889		118709
115663		116381		117191		117899		118717
115679		116387		117193		117911		118739
115693		116411		117203		117917		118747
115727		116423		117209		117937		118751
115733		116437		117223		117959		118757
115741		116443		117239		117973		118787
115751		116447		117241		117977		118799
115757		116461		117251		117979		118801
115763		116471		117259		117989		118819
115769		116483		117269		117991		118831
115771		116491		117281		118033		118843
115777		116507		117307		118037		118861
115781		116531		117319		118043		118873
115783		116533		117329		118051		118891
115793		116537		117331		118057		118897
115807		116539		117353		118061		118901
115811		116549		117361		118081		118903
115823		116579		117371		118093		118907
115831		116593		117373		118127		118913
115837		116639		117389		118147		118927
115849		116657		117413		118163		118931
115853		116663		117427		118169		118967
115859		116681		117431		118171		118973
115861		116687		117437		118189		119027
115873		116689		117443		118211		119033
115877		116707		117497		118213		119039
115879		116719		117499		118219		119047
115883		116731		117503		118247		119057
115891		116741		117511		118249		119069
119083		119839		120647		121343		122069
119087		119849		120661		121349		122081
119089		119851		120671		121351		122099
119099		119869		120677		121357		122117
119101		119881		120689		121367		122131
119107		119891		120691		121369		122147
119129		119921		120709		121379		122149
119131		119923		120713		121403		122167
119159		119929		120721		121421		122173
119173		119953		120737		121439		122201
119179		119963		120739		121441		122203
119183		119971		120749		121447		122207
119191		119981		120763		121453		122209
119227		119983		120767		121469		122219
119233		119993		120779		121487		122231
119237		120011		120811		121493		122251
119243		120017		120817		121501		122263
119267		120041		120823		121507		122267
119291		120047		120829		121523		122273
119293		120049		120833		121531		122279
119297		120067		120847		121547		122299
119299		120077		120851		121553		122321
119311		120079		120863		121559		122323
119321		120091		120871		121571		122327
119359		120097		120877		121577		122347
119363		120103		120889		121579		122363
119389		120121		120899		121591		122387
119417		120157		120907		121607		122389
119419		120163		120917		121609		122393
119429		120167		120919		121621		122399
119447		120181		120929		121631		122401
119489		120193		120937		121633		122443
119503		120199		120941		121637		122449
119513		120209		120943		121661		122453
119533		120223		120947		121687		122471
119549		120233		120977		121697		122477
119551		120247		120997		121711		122489
119557		120277		121001		121721		122497
119563		120283		121007		121727		122501
119569		120293		121013		121763		122503
119591		120299		121019		121787		122509
119611		120319		121021		121789		122527
119617		120331		121039		121843		122533
119627		120349		121061		121853		122557
119633		120371		121063		121867		122561
119653		120383		121067		121883		122579
119657		120391		121081		121889		122597
119659		120397		121123		121909		122599
119671		120401		121139		121921		122609
119677		120413		121151		121931		122611
119687		120427		121157		121937		122651
119689		120431		121169		121949		122653
119699		120473		121171		121951		122663
119701		120503		121181		121963		122693
119723		120511		121189		121967		122701
119737		120539		121229		121993		122719
119747		120551		121259		121997		122741
119759		120557		121267		122011		122743
119771		120563		121271		122021		122753
119773		120569		121283		122027		122761
119783		120577		121291		122029		122777
119797		120587		121309		122033		122789
119809		120607		121313		122039		122819
119813		120619		121321		122041		122827
119827		120623		121327		122051		122833
119831		120641		121333		122053		122839
122849		123619		124363		125183		125933
122861		123631		124367		125197		125941
122867		123637		124427		125201		125959
122869		123653		124429		125207		125963
122887		123661		124433		125219		126001
122891		123667		124447		125221		126011
122921		123677		124459		125231		126013
122929		123701		124471		125243		126019
122939		123707		124477		125261		126023
122953		123719		124489		125269		126031
122957		123727		124493		125287		126037
122963		123731		124513		125299		126041
122971		123733		124529		125303		126047
123001		123737		124541		125311		126067
123007		123757		124543		125329		126079
123017		123787		124561		125339		126097
123031		123791		124567		125353		126107
123049		123803		124577		125371		126127
123059		123817		124601		125383		126131
123077		123821		124633		125387		126143
123083		123829		124643		125399		126151
123091		123833		124669		125407		126173
123113		123853		124673		125423		126199
123121		123863		124679		125429		126211
123127		123887		124693		125441		126223
123143		123911		124699		125453		126227
123169		123923		124703		125471		126229
123191		123931		124717		125497		126233
123203		123941		124721		125507		126241
123209		123953		124739		125509		126257
123217		123973		124753		125527		126271
123229		123979		124759		125539		126307
123239		123983		124769		125551		126311
123259		123989		124771		125591		126317
123269		123997		124777		125597		126323
123289		124001		124781		125617		126337
123307		124021		124783		125621		126341
123311		124067		124793		125627		126349
123323		124087		124799		125639		126359
123341		124097		124819		125641		126397
123373		124121		124823		125651		126421
123377		124123		124847		125659		126433
123379		124133		124853		125669		126443
123397		124139		124897		125683		126457
123401		124147		124907		125687		126461
123407		124153		124909		125693		126473
123419		124171		124919		125707		126481
123427		124181		124951		125711		126487
123433		124183		124979		125717		126491
123439		124193		124981		125731		126493
123449		124199		124987		125737		126499
123457		124213		124991		125743		126517
123479		124231		125003		125753		126541
123491		124247		125017		125777		126547
123493		124249		125029		125789		126551
123499		124277		125053		125791		126583
123503		124291		125063		125803		126601
123517		124297		125093		125813		126611
123527		124301		125101		125821		126613
123547		124303		125107		125863		126631
123551		124309		125113		125887		126641
123553		124337		125117		125897		126653
123581		124339		125119		125899		126683
123583		124343		125131		125921		126691
123593		124349		125141		125927		126703
123601		124351		125149		125929		126713
126719		127591		128327		129023		129769
126733		127597		128339		129037		129793
126739		127601		128341		129049		129803
126743		127607		128347		129061		129841
126751		127609		128351		129083		129853
126757		127637		128377		129089		129887
126761		127643		128389		129097		129893
126781		127649		128393		129113		129901
126823		127657		128399		129119		129917
126827		127663		128411		129121		129919
126839		127669		128413		129127		129937
126851		127679		128431		129169		129953
126857		127681		128437		129187		129959
126859		127691		128449		129193		129967
126913		127703		128461		129197		129971
126923		127709		128467		129209		130003
126943		127711		128473		129221		130021
126949		127717		128477		129223		130027
126961		127727		128483		129229		130043
126967		127733		128489		129263		130051
126989		127739		128509		129277		130057
127031		127747		128519		129281		130069
127033		127763		128521		129287		130073
127037		127781		128549		129289		130079
127051		127807		128551		129293		130087
127079		127817		128563		129313		130099
127081		127819		128591		129341		130121
127103		127837		128599		129347		130127
127123		127843		128603		129361		130147
127133		127849		128621		129379		130171
127139		127859		128629		129401		130183
127157		127867		128657		129403		130199
127163		127873		128659		129419		130201
127189		127877		128663		129439		130211
127207		127913		128669		129443		130223
127217		127921		128677		129449		130241
127219		127931		128683		129457		130253
127241		127951		128693		129461		130259
127247		127973		128717		129469		130261
127249		127979		128747		129491		130267
127261		127997		128749		129497		130279
127271		128021		128761		129499		130303
127277		128033		128767		129509		130307
127289		128047		128813		129517		130337
127291		128053		128819		129527		130343
127297		128099		128831		129529		130349
127301		128111		128833		129533		130363
127321		128113		128837		129539		130367
127331		128119		128857		129553		130369
127343		128147		128861		129581		130379
127363		128153		128873		129587		130399
127373		128159		128879		129589		130409
127399		128173		128903		129593		130411
127403		128189		128923		129607		130423
127423		128201		128939		129629		130439
127447		128203		128941		129631		130447
127453		128213		128951		129641		130457
127481		128221		128959		129643		130469
127487		128237		128969		129671		130477
127493		128239		128971		129707		130483
127507		128257		128981		129719		130489
127529		128273		128983		129733		130513
127541		128287		128987		129737		130517
127549		128291		128993		129749		130523
127579		128311		129001		129757		130531
127583		128321		129011		129763		130547
130553		131431		132229		132949		133711
130579		131437		132233		132953		133717
130589		131441		132241		132961		133723
130619		131447		132247		132967		133733
130621		131449		132257		132971		133769
130631		131477		132263		132989		133781
130633		131479		132283		133013		133801
130639		131489		132287		133033		133811
130643		131497		132299		133039		133813
130649		131501		132313		133051		133831
130651		131507		132329		133069		133843
130657		131519		132331		133073		133853
130681		131543		132347		133087		133873
130687		131561		132361		133097		133877
130693		131581		132367		133103		133919
130699		131591		132371		133109		133949
130729		131611		132383		133117		133963
130769		131617		132403		133121		133967
130783		131627		132409		133153		133979
130787		131639		132421		133157		133981
130807		131641		132437		133169		133993
130811		131671		132439		133183		133999
130817		131687		132469		133187		134033
130829		131701		132491		133201		134039
130841		131707		132499		133213		134047
130843		131711		132511		133241		134053
130859		131713		132523		133253		134059
130873		131731		132527		133261		134077
130927		131743		132529		133271		134081
130957		131749		132533		133277		134087
130969		131759		132541		133279		134089
130973		131771		132547		133283		134093
130981		131777		132589		133303		134129
130987		131779		132607		133319		134153
131009		131783		132611		133321		134161
131011		131797		132619		133327		134171
131023		131837		132623		133337		134177
131041		131839		132631		133349		134191
131059		131849		132637		133351		134207
131063		131861		132647		133379		134213
131071		131891		132661		133387		134219
131101		131893		132667		133391		134227
131111		131899		132679		133403		134243
131113		131909		132689		133417		134257
131129		131927		132697		133439		134263
131143		131933		132701		133447		134269
131149		131939		132707		133451		134287
131171		131941		132709		133481		134291
131203		131947		132721		133493		134293
131213		131959		132739		133499		134327
131221		131969		132749		133519		134333
131231		132001		132751		133541		134339
131249		132019		132757		133543		134341
131251		132047		132761		133559		134353
131267		132049		132763		133571		134359
131293		132059		132817		133583		134363
131297		132071		132833		133597		134369
131303		132103		132851		133631		134371
131311		132109		132857		133633		134399
131317		132113		132859		133649		134401
131321		132137		132863		133657		134417
131357		132151		132887		133669		134437
131363		132157		132893		133673		134443
131371		132169		132911		133691		134471
131381		132173		132929		133697		134489
131413		132199		132947		133709		134503
134507		135349		136093		136753		137537
134513		135353		136099		136769		137567
134581		135367		136111		136777		137573
134587		135389		136133		136811		137587
134591		135391		136139		136813		137593
134593		135403		136163		136841		137597
134597		135409		136177		136849		137623
134609		135427		136189		136859		137633
134639		135431		136193		136861		137639
134669		135433		136207		136879		137653
134677		135449		136217		136883		137659
134681		135461		136223		136889		137699
134683		135463		136237		136897		137707
134699		135467		136247		136943		137713
134707		135469		136261		136949		137723
134731		135479		136273		136951		137737
134741		135497		136277		136963		137743
134753		135511		136303		136973		137771
134777		135533		136309		136979		137777
134789		135559		136319		136987		137791
134807		135571		136327		136991		137803
134837		135581		136333		136993		137827
134839		135589		136337		136999		137831
134851		135593		136343		137029		137849
134857		135599		136351		137077		137867
134867		135601		136361		137087		137869
134873		135607		136373		137089		137873
134887		135613		136379		137117		137909
134909		135617		136393		137119		137911
134917		135623		136397		137131		137927
134921		135637		136399		137143		137933
134923		135647		136403		137147		137941
134947		135649		136417		137153		137947
134951		135661		136421		137177		137957
134989		135671		136429		137183		137983
134999		135697		136447		137191		137993
135007		135701		136453		137197		137999
135017		135719		136463		137201		138007
135019		135721		136471		137209		138041
135029		135727		136481		137219		138053
135043		135731		136483		137239		138059
135049		135743		136501		137251		138071
135059		135757		136511		137273		138077
135077		135781		136519		137279		138079
135089		135787		136523		137303		138101
135101		135799		136531		137321		138107
135119		135829		136537		137339		138113
135131		135841		136541		137341		138139
135151		135851		136547		137353		138143
135173		135859		136559		137359		138157
135181		135887		136573		137363		138163
135193		135893		136601		137369		138179
135197		135899		136603		137383		138181
135209		135911		136607		137387		138191
135211		135913		136621		137393		138197
135221		135929		136649		137399		138209
135241		135937		136651		137413		138239
135257		135977		136657		137437		138241
135271		135979		136691		137443		138247
135277		136013		136693		137447		138251
135281		136027		136709		137453		138283
135283		136033		136711		137477		138289
135301		136043		136727		137483		138311
135319		136057		136733		137491		138319
135329		136067		136739		137507		138323
135347		136069		136751		137519		138337
138349		139177		139939		140681		141461
138371		139187		139943		140683		141481
138373		139199		139967		140689		141497
138389		139201		139969		140717		141499
138401		139241		139981		140729		141509
138403		139267		139987		140731		141511
138407		139273		139991		140741		141529
138427		139291		139999		140759		141539
138433		139297		140009		140761		141551
138449		139301		140053		140773		141587
138451		139303		140057		140779		141601
138461		139309		140069		140797		141613
138469		139313		140071		140813		141619
138493		139333		140111		140827		141623
138497		139339		140123		140831		141629
138511		139343		140143		140837		141637
138517		139361		140159		140839		141649
138547		139367		140167		140863		141653
138559		139369		140171		140867		141667
138563		139387		140177		140869		141671
138569		139393		140191		140891		141677
138571		139397		140197		140893		141679
138577		139409		140207		140897		141689
138581		139423		140221		140909		141697
138587		139429		140227		140929		141707
138599		139439		140237		140939		141709
138617		139457		140249		140977		141719
138629		139459		140263		140983		141731
138637		139483		140269		140989		141761
138641		139487		140281		141023		141767
138647		139493		140297		141041		141769
138661		139501		140317		141061		141773
138679		139511		140321		141067		141793
138683		139537		140333		141073		141803
138727		139547		140339		141079		141811
138731		139571		140351		141101		141829
138739		139589		140363		141107		141833
138763		139591		140381		141121		141851
138793		139597		140401		141131		141853
138797		139609		140407		141157		141863
138799		139619		140411		141161		141871
138821		139627		140417		141179		141907
138829		139661		140419		141181		141917
138841		139663		140423		141199		141931
138863		139681		140443		141209		141937
138869		139697		140449		141221		141941
138883		139703		140453		141223		141959
138889		139709		140473		141233		141961
138893		139721		140477		141241		141971
138899		139729		140521		141257		141991
138917		139739		140527		141263		142007
138923		139747		140533		141269		142019
138937		139753		140549		141277		142031
138959		139759		140551		141283		142039
138967		139787		140557		141301		142049
138977		139801		140587		141307		142057
139021		139813		140593		141311		142061
139033		139831		140603		141319		142067
139067		139837		140611		141353		142097
139079		139861		140617		141359		142099
139091		139871		140627		141371		142111
139109		139883		140629		141397		142123
139121		139891		140639		141403		142151
139123		139901		140659		141413		142157
139133		139907		140663		141439		142159
139169		139921		140677		141443		142169
142183		143053		143833		144719		145513
142189		143063		143873		144731		145517
142193		143093		143879		144737		145531
142211		143107		143881		144751		145543
142217		143111		143909		144757		145547
142223		143113		143947		144763		145549
142231		143137		143953		144773		145577
142237		143141		143971		144779		145589
142271		143159		143977		144791		145601
142297		143177		143981		144817		145603
142319		143197		143999		144829		145633
142327		143239		144013		144839		145637
142357		143243		144031		144847		145643
142369		143249		144037		144883		145661
142381		143257		144061		144887		145679
142391		143261		144071		144889		145681
142403		143263		144073		144899		145687
142421		143281		144103		144917		145703
142427		143287		144139		144931		145709
142433		143291		144161		144941		145721
142453		143329		144163		144961		145723
142469		143333		144167		144967		145753
142501		143357		144169		144973		145757
142529		143387		144173		144983		145759
142537		143401		144203		145007		145771
142543		143413		144223		145009		145777
142547		143419		144241		145021		145799
142553		143443		144247		145031		145807
142559		143461		144253		145037		145819
142567		143467		144259		145043		145823
142573		143477		144271		145063		145829
142589		143483		144289		145069		145861
142591		143489		144299		145091		145879
142601		143501		144307		145109		145897
142607		143503		144311		145121		145903
142609		143509		144323		145133		145931
142619		143513		144341		145139		145933
142657		143519		144349		145177		145949
142673		143527		144379		145193		145963
142697		143537		144383		145207		145967
142699		143551		144407		145213		145969
142711		143567		144409		145219		145987
142733		143569		144413		145253		145991
142757		143573		144427		145259		146009
142759		143593		144439		145267		146011
142771		143609		144451		145283		146021
142787		143617		144461		145289		146023
142789		143629		144479		145303		146033
142799		143651		144481		145307		146051
142811		143653		144497		145349		146057
142837		143669		144511		145361		146059
142841		143677		144539		145381		146063
142867		143687		144541		145391		146077
142871		143699		144563		145399		146093
142873		143711		144569		145417		146099
142897		143719		144577		145423		146117
142903		143729		144583		145433		146141
142907		143743		144589		145441		146161
142939		143779		144593		145451		146173
142949		143791		144611		145459		146191
142963		143797		144629		145463		146197
142969		143807		144659		145471		146203
142973		143813		144667		145477		146213
142979		143821		144671		145487		146221
142981		143827		144701		145501		146239
142993		143831		144709		145511		146249
146273		147083		147799		148691		149381
146291		147089		147811		148693		149393
146297		147097		147827		148711		149399
146299		147107		147853		148721		149411
146309		147137		147859		148723		149417
146317		147139		147863		148727		149419
146323		147151		147881		148747		149423
146347		147163		147919		148763		149441
146359		147179		147937		148781		149459
146369		147197		147949		148783		149489
146381		147209		147977		148793		149491
146383		147211		147997		148817		149497
146389		147221		148013		148829		149503
146407		147227		148021		148853		149519
146417		147229		148061		148859		149521
146423		147253		148063		148861		149531
146437		147263		148073		148867		149533
146449		147283		148079		148873		149543
146477		147289		148091		148891		149551
146513		147293		148123		148913		149561
146519		147299		148139		148921		149563
146521		147311		148147		148927		149579
146527		147319		148151		148931		149603
146539		147331		148153		148933		149623
146543		147341		148157		148949		149627
146563		147347		148171		148957		149629
146581		147353		148193		148961		149689
146603		147377		148199		148991		149711
146609		147391		148201		148997		149713
146617		147397		148207		149011		149717
146639		147401		148229		149021		149729
146647		147409		148243		149027		149731
146669		147419		148249		149033		149749
146677		147449		148279		149053		149759
146681		147451		148301		149057		149767
146683		147457		148303		149059		149771
146701		147481		148331		149069		149791
146719		147487		148339		149077		149803
146743		147503		148361		149087		149827
146749		147517		148367		149099		149837
146767		147541		148381		149101		149839
146777		147547		148387		149111		149861
146801		147551		148399		149113		149867
146807		147557		148403		149119		149873
146819		147571		148411		149143		149893
146833		147583		148429		149153		149899
146837		147607		148439		149159		149909
146843		147613		148457		149161		149911
146849		147617		148469		149173		149921
146857		147629		148471		149183		149939
146891		147647		148483		149197		149953
146893		147661		148501		149213		149969
146917		147671		148513		149239		149971
146921		147673		148517		149249		149993
146933		147689		148531		149251		150001
146941		147703		148537		149257		150011
146953		147709		148549		149269		150041
146977		147727		148573		149287		150053
146983		147739		148579		149297		150061
146987		147743		148609		149309		150067
146989		147761		148627		149323		150077
147011		147769		148633		149333		150083
147029		147773		148639		149341		150089
147031		147779		148663		149351		150091
147047		147787		148667		149371		150097
147073		147793		148669		149377		150107
150131		150929		151643		152419		153247
150151		150959		151651		152423		153259
150169		150961		151667		152429		153269
150193		150967		151673		152441		153271
150197		150979		151681		152443		153277
150203		150989		151687		152459		153281
150209		150991		151693		152461		153287
150211		151007		151703		152501		153313
150217		151009		151717		152519		153319
150221		151013		151729		152531		153337
150223		151027		151733		152533		153343
150239		151049		151769		152539		153353
150247		151051		151771		152563		153359
150287		151057		151783		152567		153371
150299		151091		151787		152597		153379
150301		151121		151799		152599		153407
150323		151141		151813		152617		153409
150329		151153		151817		152623		153421
150343		151157		151841		152629		153427
150373		151163		151847		152639		153437
150377		151169		151849		152641		153443
150379		151171		151871		152657		153449
150383		151189		151883		152671		153457
150401		151201		151897		152681		153469
150407		151213		151901		152717		153487
150413		151237		151903		152723		153499
150427		151241		151909		152729		153509
150431		151243		151937		152753		153511
150439		151247		151939		152767		153521
150473		151253		151967		152777		153523
150497		151273		151969		152783		153529
150503		151279		152003		152791		153533
150517		151289		152017		152809		153557
150523		151303		152027		152819		153563
150533		151337		152029		152821		153589
150551		151339		152039		152833		153607
150559		151343		152041		152837		153611
150571		151357		152063		152839		153623
150583		151379		152077		152843		153641
150587		151381		152081		152851		153649
150589		151391		152083		152857		153689
150607		151397		152093		152879		153701
150611		151423		152111		152897		153719
150617		151429		152123		152899		153733
150649		151433		152147		152909		153739
150659		151451		152183		152939		153743
150697		151471		152189		152941		153749
150707		151477		152197		152947		153757
150721		151483		152203		152953		153763
150743		151499		152213		152959		153817
150767		151507		152219		152981		153841
150769		151517		152231		152989		153871
150779		151523		152239		152993		153877
150791		151531		152249		153001		153887
150797		151537		152267		153059		153889
150827		151549		152287		153067		153911
150833		151553		152293		153071		153913
150847		151561		152297		153073		153929
150869		151573		152311		153077		153941
150881		151579		152363		153089		153947
150883		151597		152377		153107		153949
150889		151603		152381		153113		153953
150893		151607		152389		153133		153991
150901		151609		152393		153137		153997
150907		151631		152407		153151		154001
150919		151637		152417		153191		154027
154043		154799		155593		156421		157219
154057		154807		155599		156437		157229
154061		154823		155609		156467		157231
154067		154841		155621		156487		157243
154073		154849		155627		156491		157247
154079		154871		155653		156493		157253
154081		154873		155657		156511		157259
154087		154877		155663		156521		157271
154097		154883		155671		156539		157273
154111		154897		155689		156577		157277
154127		154927		155693		156589		157279
154153		154933		155699		156593		157291
154157		154937		155707		156601		157303
154159		154943		155717		156619		157307
154181		154981		155719		156623		157321
154183		154991		155723		156631		157327
154211		155003		155731		156641		157349
154213		155009		155741		156659		157351
154229		155017		155747		156671		157363
154243		155027		155773		156677		157393
154247		155047		155777		156679		157411
154267		155069		155783		156683		157427
154277		155081		155797		156691		157429
154279		155083		155801		156703		157433
154291		155087		155809		156707		157457
154303		155119		155821		156719		157477
154313		155137		155833		156727		157483
154321		155153		155849		156733		157489
154333		155161		155851		156749		157513
154339		155167		155861		156781		157519
154351		155171		155863		156797		157523
154369		155191		155887		156799		157543
154373		155201		155891		156817		157559
154387		155203		155893		156823		157561
154409		155209		155921		156833		157571
154417		155219		156007		156841		157579
154423		155231		156011		156887		157627
154439		155251		156019		156899		157637
154459		155269		156041		156901		157639
154487		155291		156059		156913		157649
154493		155299		156061		156941		157667
154501		155303		156071		156943		157669
154523		155317		156089		156967		157679
154543		155327		156109		156971		157721
154571		155333		156119		156979		157733
154573		155371		156127		157007		157739
154579		155377		156131		157013		157747
154589		155381		156139		157019		157769
154591		155383		156151		157037		157771
154613		155387		156157		157049		157793
154619		155399		156217		157051		157799
154621		155413		156227		157057		157813
154643		155423		156229		157061		157823
154667		155443		156241		157081		157831
154669		155453		156253		157103		157837
154681		155461		156257		157109		157841
154691		155473		156259		157127		157867
154699		155501		156269		157133		157877
154723		155509		156307		157141		157889
154727		155521		156319		157163		157897
154733		155537		156329		157177		157901
154747		155539		156347		157181		157907
154753		155557		156353		157189		157931
154769		155569		156361		157207		157933
154787		155579		156371		157211		157951
154789		155581		156419		157217		157991
157999		158843		159667		160423		161201
158003		158849		159671		160441		161221
158009		158863		159673		160453		161233
158017		158867		159683		160481		161237
158029		158881		159697		160483		161263
158047		158909		159701		160499		161267
158071		158923		159707		160507		161281
158077		158927		159721		160541		161303
158113		158941		159737		160553		161309
158129		158959		159739		160579		161323
158141		158981		159763		160583		161333
158143		158993		159769		160591		161339
158161		159013		159773		160603		161341
158189		159017		159779		160619		161363
158201		159023		159787		160621		161377
158209		159059		159791		160627		161387
158227		159073		159793		160637		161407
158231		159079		159799		160639		161411
158233		159097		159811		160649		161453
158243		159113		159833		160651		161459
158261		159119		159839		160663		161461
158269		159157		159853		160669		161471
158293		159161		159857		160681		161503
158303		159167		159869		160687		161507
158329		159169		159871		160697		161521
158341		159179		159899		160709		161527
158351		159191		159911		160711		161531
158357		159193		159931		160723		161543
158359		159199		159937		160739		161561
158363		159209		159977		160751		161563
158371		159223		159979		160753		161569
158393		159227		160001		160757		161573
158407		159233		160009		160781		161591
158419		159287		160019		160789		161599
158429		159293		160031		160807		161611
158443		159311		160033		160813		161627
158449		159319		160049		160817		161639
158489		159337		160073		160829		161641
158507		159347		160079		160841		161659
158519		159349		160081		160861		161683
158527		159361		160087		160877		161717
158537		159389		160091		160879		161729
158551		159403		160093		160883		161731
158563		159407		160117		160903		161741
158567		159421		160141		160907		161743
158573		159431		160159		160933		161753
158581		159437		160163		160967		161761
158591		159457		160169		160969		161771
158597		159463		160183		160981		161773
158611		159469		160201		160997		161779
158617		159473		160207		161009		161783
158621		159491		160217		161017		161807
158633		159499		160231		161033		161831
158647		159503		160243		161039		161839
158657		159521		160253		161047		161869
158663		159539		160309		161053		161873
158699		159541		160313		161059		161879
158731		159553		160319		161071		161881
158747		159563		160343		161087		161911
158749		159569		160357		161093		161921
158759		159571		160367		161123		161923
158761		159589		160373		161137		161947
158771		159617		160387		161141		161957
158777		159623		160397		161149		161969
158791		159629		160403		161159		161971
158803		159631		160409		161167		161977
161983		162823		163627		164377		165311
161999		162829		163633		164387		165313
162007		162839		163637		164413		165317
162011		162847		163643		164419		165331
162017		162853		163661		164429		165343
162053		162859		163673		164431		165349
162059		162881		163679		164443		165367
162079		162889		163697		164447		165379
162091		162901		163729		164449		165383
162109		162907		163733		164471		165391
162119		162917		163741		164477		165397
162143		162937		163753		164503		165437
162209		162947		163771		164513		165443
162221		162971		163781		164531		165449
162229		162973		163789		164569		165457
162251		162989		163811		164581		165463
162257		162997		163819		164587		165469
162263		163003		163841		164599		165479
162269		163019		163847		164617		165511
162277		163021		163853		164621		165523
162287		163027		163859		164623		165527
162289		163061		163861		164627		165533
162293		163063		163871		164653		165541
162343		163109		163883		164663		165551
162359		163117		163901		164677		165553
162389		163127		163909		164683		165559
162391		163129		163927		164701		165569
162413		163147		163973		164707		165587
162419		163151		163979		164729		165589
162439		163169		163981		164743		165601
162451		163171		163987		164767		165611
162457		163181		163991		164771		165617
162473		163193		163993		164789		165653
162493		163199		163997		164809		165667
162499		163211		164011		164821		165673
162517		163223		164023		164831		165701
162523		163243		164039		164837		165703
162527		163249		164051		164839		165707
162529		163259		164057		164881		165709
162553		163307		164071		164893		165713
162557		163309		164089		164911		165719
162563		163321		164093		164953		165721
162577		163327		164113		164963		165749
162593		163337		164117		164987		165779
162601		163351		164147		164999		165799
162611		163363		164149		165001		165811
162623		163367		164173		165037		165817
162629		163393		164183		165041		165829
162641		163403		164191		165047		165833
162649		163409		164201		165049		165857
162671		163411		164209		165059		165877
162677		163417		164231		165079		165883
162683		163433		164233		165083		165887
162691		163469		164239		165089		165901
162703		163477		164249		165103		165931
162709		163481		164251		165133		165941
162713		163483		164267		165161		165947
162727		163487		164279		165173		165961
162731		163517		164291		165181		165983
162739		163543		164299		165203		166013
162749		163561		164309		165211		166021
162751		163567		164321		165229		166027
162779		163573		164341		165233		166031
162787		163601		164357		165247		166043
162791		163613		164363		165287		166063
162821		163621		164371		165293		166081
166099		166909		167641		168541		169373
166147		166919		167663		168559		169399
166151		166931		167677		168599		169409
166157		166949		167683		168601		169427
166169		166967		167711		168617		169457
166183		166973		167729		168629		169471
166189		166979		167747		168631		169483
166207		166987		167759		168643		169489
166219		167009		167771		168673		169493
166237		167017		167777		168677		169501
166247		167021		167779		168697		169523
166259		167023		167801		168713		169531
166273		167033		167809		168719		169553
166289		167039		167861		168731		169567
166297		167047		167863		168737		169583
166301		167051		167873		168743		169591
166303		167071		167879		168761		169607
166319		167077		167887		168769		169627
166349		167081		167891		168781		169633
166351		167087		167899		168803		169639
166357		167099		167911		168851		169649
166363		167107		167917		168863		169657
166393		167113		167953		168869		169661
166399		167117		167971		168887		169667
166403		167119		167987		168893		169681
166409		167149		168013		168899		169691
166417		167159		168023		168901		169693
166429		167173		168029		168913		169709
166457		167177		168037		168937		169733
166471		167191		168043		168943		169751
166487		167197		168067		168977		169753
166541		167213		168071		168991		169769
166561		167221		168083		169003		169777
166567		167249		168089		169007		169783
166571		167261		168109		169009		169789
166597		167267		168127		169019		169817
166601		167269		168143		169049		169823
166603		167309		168151		169063		169831
166609		167311		168193		169067		169837
166613		167317		168197		169069		169843
166619		167329		168211		169079		169859
166627		167339		168227		169093		169889
166631		167341		168247		169097		169891
166643		167381		168253		169111		169909
166657		167393		168263		169129		169913
166667		167407		168269		169151		169919
166669		167413		168277		169159		169933
166679		167423		168281		169177		169937
166693		167429		168293		169181		169943
166703		167437		168323		169199		169951
166723		167441		168331		169217		169957
166739		167443		168347		169219		169987
166741		167449		168353		169241		169991
166781		167471		168391		169243		170003
166783		167483		168409		169249		170021
166799		167491		168433		169259		170029
166807		167521		168449		169283		170047
166823		167537		168451		169307		170057
166841		167543		168457		169313		170063
166843		167593		168463		169319		170081
166847		167597		168481		169321		170099
166849		167611		168491		169327		170101
166853		167621		168499		169339		170111
166861		167623		168523		169343		170123
166867		167627		168527		169361		170141
166871		167633		168533		169369		170167
170179		170881		171713		172489		173267
170189		170887		171719		172507		173273
170197		170899		171733		172517		173291
170207		170921		171757		172519		173293
170213		170927		171761		172541		173297
170227		170953		171763		172553		173309
170231		170957		171793		172561		173347
170239		170971		171799		172573		173357
170243		171007		171803		172583		173359
170249		171023		171811		172589		173429
170263		171029		171823		172597		173431
170267		171043		171827		172603		173473
170279		171047		171851		172607		173483
170293		171049		171863		172619		173491
170299		171053		171869		172633		173497
170327		171077		171877		172643		173501
170341		171079		171881		172649		173531
170347		171091		171889		172657		173539
170351		171103		171917		172663		173543
170353		171131		171923		172673		173549
170363		171161		171929		172681		173561
170369		171163		171937		172687		173573
170371		171167		171947		172709		173599
170383		171169		172001		172717		173617
170389		171179		172009		172721		173629
170393		171203		172021		172741		173647
170413		171233		172027		172751		173651
170441		171251		172031		172759		173659
170447		171253		172049		172787		173669
170473		171263		172069		172801		173671
170483		171271		172079		172807		173683
170497		171293		172093		172829		173687
170503		171299		172097		172849		173699
170509		171317		172127		172853		173707
170537		171329		172147		172859		173713
170539		171341		172153		172867		173729
170551		171383		172157		172871		173741
170557		171401		172169		172877		173743
170579		171403		172171		172883		173773
170603		171427		172181		172933		173777
170609		171439		172199		172969		173779
170627		171449		172213		172973		173783
170633		171467		172217		172981		173807
170641		171469		172219		172987		173819
170647		171473		172223		172993		173827
170669		171481		172243		172999		173839
170689		171491		172259		173021		173851
170701		171517		172279		173023		173861
170707		171529		172283		173039		173867
170711		171539		172297		173053		173891
170741		171541		172307		173059		173897
170749		171553		172313		173081		173909
170759		171559		172321		173087		173917
170761		171571		172331		173099		173923
170767		171583		172343		173137		173933
170773		171617		172351		173141		173969
170777		171629		172357		173149		173977
170801		171637		172373		173177		173981
170809		171641		172399		173183		173993
170813		171653		172411		173189		174007
170827		171659		172421		173191		174017
170837		171671		172423		173207		174019
170843		171673		172427		173209		174047
170851		171679		172433		173219		174049
170857		171697		172439		173249		174061
170873		171707		172441		173263		174067
174071		174893		175811		176489		177257
174077		174901		175829		176497		177269
174079		174907		175837		176503		177283
174091		174917		175843		176507		177301
174101		174929		175853		176509		177319
174121		174931		175859		176521		177323
174137		174943		175873		176531		177337
174143		174959		175891		176537		177347
174149		174989		175897		176549		177379
174157		174991		175909		176551		177383
174169		175003		175919		176557		177409
174197		175013		175937		176573		177421
174221		175039		175939		176591		177427
174241		175061		175949		176597		177431
174257		175067		175961		176599		177433
174259		175069		175963		176609		177467
174263		175079		175979		176611		177473
174281		175081		175991		176629		177481
174289		175103		175993		176641		177487
174299		175129		176017		176651		177493
174311		175141		176021		176677		177511
174329		175211		176023		176699		177533
174331		175229		176041		176711		177539
174337		175261		176047		176713		177553
174347		175267		176051		176741		177589
174367		175277		176053		176747		177601
174389		175291		176063		176753		177623
174407		175303		176081		176777		177647
174413		175309		176087		176779		177677
174431		175327		176089		176789		177679
174443		175333		176123		176791		177691
174457		175349		176129		176797		177739
174467		175361		176153		176807		177743
174469		175391		176159		176809		177761
174481		175393		176161		176819		177763
174487		175403		176179		176849		177787
174491		175411		176191		176857		177791
174527		175433		176201		176887		177797
174533		175447		176207		176899		177811
174569		175453		176213		176903		177823
174571		175463		176221		176921		177839
174583		175481		176227		176923		177841
174599		175493		176237		176927		177883
174613		175499		176243		176933		177887
174617		175519		176261		176951		177889
174631		175523		176299		176977		177893
174637		175543		176303		176983		177907
174649		175573		176317		176989		177913
174653		175601		176321		177007		177917
174659		175621		176327		177011		177929
174673		175631		176329		177013		177943
174679		175633		176333		177019		177949
174703		175649		176347		177043		177953
174721		175663		176353		177091		177967
174737		175673		176357		177101		177979
174749		175687		176369		177109		178001
174761		175691		176383		177113		178021
174763		175699		176389		177127		178037
174767		175709		176401		177131		178039
174773		175723		176413		177167		178067
174799		175727		176417		177173		178069
174821		175753		176419		177209		178091
174829		175757		176431		177211		178093
174851		175759		176459		177217		178103
174859		175781		176461		177223		178117
174877		175783		176467		177239		178127
178141		178889		179593		180317		181273
178151		178897		179603		180331		181277
178169		178903		179623		180337		181283
178183		178907		179633		180347		181297
178187		178909		179651		180361		181301
178207		178921		179657		180371		181303
178223		178931		179659		180379		181361
178231		178933		179671		180391		181387
178247		178939		179687		180413		181397
178249		178951		179689		180419		181399
178259		178973		179693		180437		181409
178261		178987		179717		180463		181421
178289		179021		179719		180473		181439
178301		179029		179737		180491		181457
178307		179033		179743		180497		181459
178327		179041		179749		180503		181499
178333		179051		179779		180511		181501
178349		179057		179801		180533		181513
178351		179083		179807		180539		181523
178361		179089		179813		180541		181537
178393		179099		179819		180547		181549
178397		179107		179821		180563		181553
178403		179111		179827		180569		181603
178417		179119		179833		180617		181607
178439		179143		179849		180623		181609
178441		179161		179897		180629		181619
178447		179167		179899		180647		181639
178469		179173		179903		180667		181667
178481		179203		179909		180679		181669
178487		179209		179917		180701		181693
178489		179213		179923		180731		181711
178501		179233		179939		180749		181717
178513		179243		179947		180751		181721
178531		179261		179951		180773		181729
178537		179269		179953		180779		181739
178559		179281		179957		180793		181751
178561		179287		179969		180797		181757
178567		179317		179981		180799		181759
178571		179321		179989		180811		181763
178597		179327		179999		180847		181777
178601		179351		180001		180871		181787
178603		179357		180007		180883		181789
178609		179369		180023		180907		181813
178613		179381		180043		180949		181837
178621		179383		180053		180959		181871
178627		179393		180071		181001		181873
178639		179407		180073		181003		181889
178643		179411		180077		181019		181891
178681		179429		180097		181031		181903
178691		179437		180137		181039		181913
178693		179441		180161		181061		181919
178697		179453		180179		181063		181927
178753		179461		180181		181081		181931
178757		179471		180211		181087		181943
178781		179479		180221		181123		181957
178793		179483		180233		181141		181967
178799		179497		180239		181157		181981
178807		179519		180241		181183		181997
178813		179527		180247		181193		182009
178817		179533		180259		181199		182011
178819		179549		180263		181201		182027
178831		179563		180281		181211		182029
178853		179573		180287		181213		182041
178859		179579		180289		181219		182047
178873		179581		180307		181243		182057
178877		179591		180311		181253		182059
182089		182821		183581		184447		185189
182099		182839		183587		184463		185221
182101		182851		183593		184477		185233
182107		182857		183611		184487		185243
182111		182867		183637		184489		185267
182123		182887		183661		184511		185291
182129		182893		183683		184517		185299
182131		182899		183691		184523		185303
182141		182921		183697		184553		185309
182159		182927		183707		184559		185323
182167		182929		183709		184567		185327
182177		182933		183713		184571		185359
182179		182953		183761		184577		185363
182201		182957		183763		184607		185369
182209		182969		183797		184609		185371
182233		182981		183809		184627		185401
182239		182999		183823		184631		185429
182243		183023		183829		184633		185441
182261		183037		183871		184649		185467
182279		183041		183877		184651		185477
182297		183047		183881		184669		185483
182309		183059		183907		184687		185491
182333		183067		183917		184693		185519
182339		183089		183919		184703		185527
182341		183091		183943		184711		185531
182353		183119		183949		184721		185533
182387		183151		183959		184727		185539
182389		183167		183971		184733		185543
182417		183191		183973		184753		185551
182423		183203		183979		184777		185557
182431		183247		184003		184823		185567
182443		183259		184007		184829		185569
182453		183263		184013		184831		185593
182467		183283		184031		184837		185599
182471		183289		184039		184843		185621
182473		183299		184043		184859		185641
182489		183301		184057		184879		185651
182503		183307		184073		184901		185677
182509		183317		184081		184903		185681
182519		183319		184087		184913		185683
182537		183329		184111		184949		185693
182549		183343		184117		184957		185699
182561		183349		184133		184967		185707
182579		183361		184153		184969		185711
182587		183373		184157		184993		185723
182593		183377		184181		184997		185737
182599		183383		184187		184999		185747
182603		183389		184189		185021		185749
182617		183397		184199		185027		185753
182627		183437		184211		185051		185767
182639		183439		184231		185057		185789
182641		183451		184241		185063		185797
182653		183461		184259		185069		185813
182657		183473		184271		185071		185819
182659		183479		184273		185077		185821
182681		183487		184279		185089		185831
182687		183497		184291		185099		185833
182701		183499		184309		185123		185849
182711		183503		184321		185131		185869
182713		183509		184333		185137		185873
182747		183511		184337		185149		185893
182773		183523		184351		185153		185897
182779		183527		184369		185161		185903
182789		183569		184409		185167		185917
182803		183571		184417		185177		185923
182813		183577		184441		185183		185947
185951		186727		187471		188369		189187
185957		186733		187477		188389		189199
185959		186743		187507		188401		189223
185971		186757		187513		188407		189229
185987		186761		187531		188417		189239
185993		186763		187547		188431		189251
186007		186773		187559		188437		189253
186013		186793		187573		188443		189257
186019		186799		187597		188459		189271
186023		186841		187631		188473		189307
186037		186859		187633		188483		189311
186041		186869		187637		188491		189337
186049		186871		187639		188519		189347
186071		186877		187651		188527		189349
186097		186883		187661		188533		189353
186103		186889		187669		188563		189361
186107		186917		187687		188579		189377
186113		186947		187699		188603		189389
186119		186959		187711		188609		189391
186149		187003		187721		188621		189401
186157		187009		187751		188633		189407
186161		187027		187763		188653		189421
186163		187043		187787		188677		189433
186187		187049		187793		188681		189437
186191		187067		187823		188687		189439
186211		187069		187843		188693		189463
186227		187073		187861		188701		189467
186229		187081		187871		188707		189473
186239		187091		187877		188711		189479
186247		187111		187883		188719		189491
186253		187123		187897		188729		189493
186259		187127		187907		188753		189509
186271		187129		187909		188767		189517
186283		187133		187921		188779		189523
186299		187139		187927		188791		189529
186301		187141		187931		188801		189547
186311		187163		187951		188827		189559
186317		187171		187963		188831		189583
186343		187177		187973		188833		189593
186377		187181		187987		188843		189599
186379		187189		188011		188857		189613
186391		187193		188017		188861		189617
186397		187211		188021		188863		189619
186419		187217		188029		188869		189643
186437		187219		188107		188891		189653
186451		187223		188137		188911		189661
186469		187237		188143		188927		189671
186479		187273		188147		188933		189691
186481		187277		188159		188939		189697
186551		187303		188171		188941		189701
186569		187337		188179		188953		189713
186581		187339		188189		188957		189733
186583		187349		188197		188983		189743
186587		187361		188249		188999		189757
186601		187367		188261		189011		189767
186619		187373		188273		189017		189797
186629		187379		188281		189019		189799
186647		187387		188291		189041		189817
186649		187393		188299		189043		189823
186653		187409		188303		189061		189851
186671		187417		188311		189067		189853
186679		187423		188317		189127		189859
186689		187433		188323		189139		189877
186701		187441		188333		189149		189881
186707		187463		188351		189151		189887
186709		187469		188359		189169		189901
189913		190769		191563		192347		193133
189929		190783		191579		192373		193139
189947		190787		191599		192377		193147
189949		190793		191621		192383		193153
189961		190807		191627		192391		193163
189967		190811		191657		192407		193181
189977		190823		191669		192431		193183
189983		190829		191671		192461		193189
189989		190837		191677		192463		193201
189997		190843		191689		192497		193243
190027		190871		191693		192499		193247
190031		190889		191699		192529		193261
190051		190891		191707		192539		193283
190063		190901		191717		192547		193301
190093		190909		191747		192553		193327
190097		190913		191749		192557		193337
190121		190921		191773		192571		193357
190129		190979		191783		192581		193367
190147		190997		191791		192583		193373
190159		191021		191801		192587		193379
190181		191027		191803		192601		193381
190207		191033		191827		192611		193387
190243		191039		191831		192613		193393
190249		191047		191833		192617		193423
190261		191057		191837		192629		193433
190271		191071		191861		192631		193441
190283		191089		191899		192637		193447
190297		191099		191903		192667		193451
190301		191119		191911		192677		193463
190313		191123		191929		192697		193469
190321		191137		191953		192737		193493
190331		191141		191969		192743		193507
190339		191143		191977		192749		193513
190357		191161		191999		192757		193541
190367		191173		192007		192767		193549
190369		191189		192013		192781		193559
190387		191227		192029		192791		193573
190391		191231		192037		192799		193577
190403		191237		192043		192811		193597
190409		191249		192047		192817		193601
190471		191251		192053		192833		193603
190507		191281		192091		192847		193607
190523		191297		192097		192853		193619
190529		191299		192103		192859		193649
190537		191339		192113		192877		193663
190543		191341		192121		192883		193679
190573		191353		192133		192887		193703
190577		191413		192149		192889		193723
190579		191441		192161		192917		193727
190583		191447		192173		192923		193741
190591		191449		192187		192931		193751
190607		191453		192191		192949		193757
190613		191459		192193		192961		193763
190633		191461		192229		192971		193771
190639		191467		192233		192977		193789
190649		191473		192239		192979		193793
190657		191491		192251		192991		193799
190667		191497		192259		193003		193811
190669		191507		192263		193009		193813
190699		191509		192271		193013		193841
190709		191519		192307		193031		193847
190711		191531		192317		193043		193859
190717		191533		192319		193051		193861
190753		191537		192323		193057		193871
190759		191551		192341		193073		193873
190763		191561		192343		193093		193877
193883		194813		195581		196429		197243
193891		194819		195593		196439		197257
193937		194827		195599		196453		197261
193939		194839		195659		196459		197269
193943		194861		195677		196477		197273
193951		194863		195691		196499		197279
193957		194867		195697		196501		197293
193979		194869		195709		196519		197297
193993		194891		195731		196523		197299
194003		194899		195733		196541		197311
194017		194911		195737		196543		197339
194027		194917		195739		196549		197341
194057		194933		195743		196561		197347
194069		194963		195751		196579		197359
194071		194977		195761		196583		197369
194083		194981		195781		196597		197371
194087		194989		195787		196613		197381
194093		195023		195791		196643		197383
194101		195029		195809		196657		197389
194113		195043		195817		196661		197419
194119		195047		195863		196663		197423
194141		195049		195869		196681		197441
194149		195053		195883		196687		197453
194167		195071		195887		196699		197479
194179		195077		195893		196709		197507
194197		195089		195907		196717		197521
194203		195103		195913		196727		197539
194239		195121		195919		196739		197551
194263		195127		195929		196751		197567
194267		195131		195931		196769		197569
194269		195137		195967		196771		197573
194309		195157		195971		196799		197597
194323		195161		195973		196817		197599
194353		195163		195977		196831		197609
194371		195193		195991		196837		197621
194377		195197		195997		196853		197641
194413		195203		196003		196871		197647
194431		195229		196033		196873		197651
194443		195241		196039		196879		197677
194471		195253		196043		196901		197683
194479		195259		196051		196907		197689
194483		195271		196073		196919		197699
194507		195277		196081		196927		197711
194521		195281		196087		196961		197713
194527		195311		196111		196991		197741
194543		195319		196117		196993		197753
194569		195329		196139		197003		197759
194581		195341		196159		197009		197767
194591		195343		196169		197023		197773
194609		195353		196171		197033		197779
194647		195359		196177		197059		197803
194653		195389		196181		197063		197807
194659		195401		196187		197077		197831
194671		195407		196193		197083		197837
194681		195413		196201		197089		197887
194683		195427		196247		197101		197891
194687		195443		196271		197117		197893
194707		195457		196277		197123		197909
194713		195469		196279		197137		197921
194717		195479		196291		197147		197927
194723		195493		196303		197159		197933
194729		195497		196307		197161		197947
194749		195511		196331		197203		197957
194767		195527		196337		197207		197959
194771		195539		196379		197221		197963
194809		195541		196387		197233		197969
197971		198817		199637		200401		201307
198013		198823		199657		200407		201329
198017		198827		199669		200437		201337
198031		198829		199673		200443		201359
198043		198833		199679		200461		201389
198047		198839		199687		200467		201401
198073		198841		199697		200483		201403
198083		198851		199721		200513		201413
198091		198859		199729		200569		201437
198097		198899		199739		200573		201449
198109		198901		199741		200579		201451
198127		198929		199751		200587		201473
198139		198937		199753		200591		201491
198173		198941		199777		200597		201493
198179		198943		199783		200609		201497
198193		198953		199799		200639		201499
198197		198959		199807		200657		201511
198221		198967		199811		200671		201517
198223		198971		199813		200689		201547
198241		198977		199819		200699		201557
198251		198997		199831		200713		201577
198257		199021		199853		200723		201581
198259		199033		199873		200731		201589
198277		199037		199877		200771		201599
198281		199039		199889		200779		201611
198301		199049		199909		200789		201623
198313		199081		199921		200797		201629
198323		199103		199931		200807		201653
198337		199109		199933		200843		201661
198347		199151		199961		200861		201667
198349		199153		199967		200867		201673
198377		199181		199999		200869		201683
198391		199193		200003		200881		201701
198397		199207		200009		200891		201709
198409		199211		200017		200899		201731
198413		199247		200023		200903		201743
198427		199261		200029		200909		201757
198437		199267		200033		200927		201767
198439		199289		200041		200929		201769
198461		199313		200063		200971		201781
198463		199321		200087		200983		201787
198469		199337		200117		200987		201791
198479		199343		200131		200989		201797
198491		199357		200153		201007		201809
198503		199373		200159		201011		201821
198529		199379		200171		201031		201823
198533		199399		200177		201037		201827
198553		199403		200183		201049		201829
198571		199411		200191		201073		201833
198589		199417		200201		201101		201847
198593		199429		200227		201107		201881
198599		199447		200231		201119		201889
198613		199453		200237		201121		201893
198623		199457		200257		201139		201907
198637		199483		200273		201151		201911
198641		199487		200293		201163		201919
198647		199489		200297		201167		201923
198659		199499		200323		201193		201937
198673		199501		200329		201203		201947
198689		199523		200341		201209		201953
198701		199559		200351		201211		201961
198719		199567		200357		201233		201973
198733		199583		200363		201247		201979
198761		199601		200371		201251		201997
198769		199603		200381		201281		202001
198811		199621		200383		201287		202021
202031		202907		203767		204563		205417
202049		202921		203771		204583		205421
202061		202931		203773		204587		205423
202063		202933		203789		204599		205427
202067		202949		203807		204601		205433
202087		202967		203809		204613		205441
202099		202973		203821		204623		205453
202109		202981		203843		204641		205463
202121		202987		203857		204667		205477
202127		202999		203869		204679		205483
202129		203011		203873		204707		205487
202183		203017		203897		204719		205493
202187		203023		203909		204733		205507
202201		203039		203911		204749		205519
202219		203051		203921		204751		205529
202231		203057		203947		204781		205537
202243		203117		203953		204791		205549
202277		203141		203969		204793		205553
202289		203173		203971		204797		205559
202291		203183		203977		204803		205589
202309		203207		203989		204821		205603
202327		203209		203999		204857		205607
202339		203213		204007		204859		205619
202343		203221		204013		204871		205627
202357		203227		204019		204887		205633
202361		203233		204023		204913		205651
202381		203249		204047		204917		205657
202387		203279		204059		204923		205661
202393		203293		204067		204931		205663
202403		203309		204101		204947		205703
202409		203311		204107		204973		205721
202441		203317		204133		204979		205759
202471		203321		204137		204983		205763
202481		203323		204143		205019		205783
202493		203339		204151		205031		205817
202519		203341		204161		205033		205823
202529		203351		204163		205043		205837
202549		203353		204173		205063		205847
202567		203363		204233		205069		205879
202577		203381		204251		205081		205883
202591		203383		204299		205097		205913
202613		203387		204301		205103		205937
202621		203393		204311		205111		205949
202627		203417		204319		205129		205951
202637		203419		204329		205133		205957
202639		203429		204331		205141		205963
202661		203431		204353		205151		205967
202667		203449		204359		205157		205981
202679		203459		204361		205171		205991
202693		203461		204367		205187		205993
202717		203531		204371		205201		206009
202729		203549		204377		205211		206021
202733		203563		204397		205213		206027
202747		203569		204427		205223		206033
202751		203579		204431		205237		206039
202753		203591		204437		205253		206047
202757		203617		204439		205267		206051
202777		203627		204443		205297		206069
202799		203641		204461		205307		206077
202817		203653		204481		205319		206081
202823		203657		204487		205327		206083
202841		203659		204509		205339		206123
202859		203663		204511		205357		206153
202877		203669		204517		205391		206177
202879		203713		204521		205397		206179
202889		203761		204557		205399		206183
206191		206993		207719		208493		209317
206197		207013		207721		208499		209327
206203		207017		207743		208501		209333
206209		207029		207763		208511		209347
206221		207037		207769		208513		209353
206233		207041		207797		208519		209357
206237		207061		207799		208529		209359
206249		207073		207811		208553		209371
206251		207079		207821		208577		209381
206263		207113		207833		208589		209393
206273		207121		207847		208591		209401
206279		207127		207869		208609		209431
206281		207139		207877		208627		209441
206291		207169		207923		208631		209449
206299		207187		207931		208657		209459
206303		207191		207941		208667		209471
206341		207197		207947		208673		209477
206347		207199		207953		208687		209497
206351		207227		207967		208697		209519
206369		207239		207971		208699		209533
206383		207241		207973		208721		209543
206399		207257		207997		208729		209549
206407		207269		208001		208739		209563
206411		207287		208003		208759		209567
206413		207293		208009		208787		209569
206419		207301		208037		208799		209579
206447		207307		208049		208807		209581
206461		207329		208057		208837		209597
206467		207331		208067		208843		209621
206477		207341		208073		208877		209623
206483		207343		208099		208889		209639
206489		207367		208111		208891		209647
206501		207371		208121		208907		209659
206519		207377		208129		208927		209669
206527		207401		208139		208931		209687
206543		207409		208141		208933		209701
206551		207433		208147		208961		209707
206593		207443		208189		208963		209717
206597		207457		208207		208991		209719
206603		207463		208213		208993		209743
206623		207469		208217		208997		209767
206627		207479		208223		209021		209771
206639		207481		208231		209029		209789
206641		207491		208253		209039		209801
206651		207497		208261		209063		209809
206699		207509		208277		209071		209813
206749		207511		208279		209089		209819
206779		207517		208283		209123		209821
206783		207521		208291		209147		209837
206803		207523		208309		209159		209851
206807		207541		208319		209173		209857
206813		207547		208333		209179		209861
206819		207551		208337		209189		209887
206821		207563		208367		209201		209917
206827		207569		208379		209203		209927
206879		207589		208387		209213		209929
206887		207593		208391		209221		209939
206897		207619		208393		209227		209953
206909		207629		208409		209233		209959
206911		207643		208433		209249		209971
206917		207653		208441		209257		209977
206923		207661		208457		209263		209983
206933		207671		208459		209267		209987
206939		207673		208463		209269		210011
206951		207679		208469		209299		210019
206953		207709		208489		209311		210031
210037		210823		211619		212467		213319
210053		210827		211639		212479		213329
210071		210839		211643		212501		213337
210097		210853		211657		212507		213349
210101		210857		211661		212557		213359
210109		210869		211663		212561		213361
210113		210901		211681		212573		213383
210127		210907		211691		212579		213391
210131		210911		211693		212587		213397
210139		210913		211711		212593		213407
210143		210923		211723		212627		213449
210157		210929		211727		212633		213461
210169		210943		211741		212651		213467
210173		210961		211747		212669		213481
210187		210967		211777		212671		213491
210191		211007		211781		212677		213523
210193		211039		211789		212683		213533
210209		211049		211801		212701		213539
210229		211051		211811		212777		213553
210233		211061		211817		212791		213557
210241		211063		211859		212801		213589
210247		211067		211867		212827		213599
210257		211073		211873		212837		213611
210263		211093		211877		212843		213613
210277		211097		211879		212851		213623
210283		211129		211889		212867		213637
210299		211151		211891		212869		213641
210317		211153		211927		212873		213649
210319		211177		211931		212881		213659
210323		211187		211933		212897		213713
210347		211193		211943		212903		213721
210359		211199		211949		212909		213727
210361		211213		211969		212917		213737
210391		211217		211979		212923		213751
210401		211219		211997		212969		213791
210403		211229		212029		212981		213799
210407		211231		212039		212987		213821
210421		211241		212057		212999		213827
210437		211247		212081		213019		213833
210461		211271		212099		213023		213847
210467		211283		212117		213029		213859
210481		211291		212123		213043		213881
210487		211297		212131		213067		213887
210491		211313		212141		213079		213901
210499		211319		212161		213091		213919
210523		211333		212167		213097		213929
210527		211339		212183		213119		213943
210533		211349		212203		213131		213947
210557		211369		212207		213133		213949
210599		211373		212209		213139		213953
210601		211403		212227		213149		213973
210619		211427		212239		213173		213977
210631		211433		212243		213181		213989
210643		211441		212281		213193		214003
210659		211457		212293		213203		214007
210671		211469		212297		213209		214009
210709		211493		212353		213217		214021
210713		211499		212369		213223		214031
210719		211501		212383		213229		214033
210731		211507		212411		213247		214043
210739		211543		212419		213253		214051
210761		211559		212423		213263		214063
210773		211571		212437		213281		214069
210803		211573		212447		213287		214087
210809		211583		212453		213289		214091
210811		211597		212461		213307		214129
214133		214891		215833		216719		217457
214141		214913		215843		216731		217463
214147		214939		215851		216743		217489
214163		214943		215857		216751		217499
214177		214967		215863		216757		217517
214189		214987		215893		216761		217519
214211		214993		215899		216779		217559
214213		215051		215909		216781		217561
214219		215063		215921		216787		217573
214237		215077		215927		216791		217577
214243		215087		215939		216803		217579
214259		215123		215953		216829		217619
214283		215141		215959		216841		217643
214297		215143		215981		216851		217661
214309		215153		215983		216859		217667
214351		215161		216023		216877		217681
214363		215179		216037		216899		217687
214373		215183		216061		216901		217691
214381		215191		216071		216911		217697
214391		215197		216091		216917		217717
214399		215239		216103		216919		217727
214433		215249		216107		216947		217733
214439		215261		216113		216967		217739
214451		215273		216119		216973		217747
214457		215279		216127		216991		217771
214463		215297		216133		217001		217781
214469		215309		216149		217003		217793
214481		215317		216157		217027		217823
214483		215329		216173		217033		217829
214499		215351		216179		217057		217849
214507		215353		216211		217069		217859
214517		215359		216217		217081		217901
214519		215381		216233		217111		217907
214531		215389		216259		217117		217909
214541		215393		216263		217121		217933
214559		215399		216289		217157		217937
214561		215417		216317		217163		217969
214589		215443		216319		217169		217979
214603		215447		216329		217199		217981
214607		215459		216347		217201		218003
214631		215461		216371		217207		218021
214639		215471		216373		217219		218047
214651		215483		216379		217223		218069
214657		215497		216397		217229		218077
214663		215503		216401		217241		218081
214667		215507		216421		217253		218083
214673		215521		216431		217271		218087
214691		215531		216451		217307		218107
214723		215563		216481		217309		218111
214729		215573		216493		217313		218117
214733		215587		216509		217319		218131
214741		215617		216523		217333		218137
214759		215653		216551		217337		218143
214763		215659		216553		217339		218149
214771		215681		216569		217351		218171
214783		215687		216571		217361		218191
214787		215689		216577		217363		218213
214789		215693		216607		217367		218227
214807		215723		216617		217369		218233
214811		215737		216641		217387		218249
214817		215753		216647		217397		218279
214831		215767		216649		217409		218287
214849		215771		216653		217411		218357
214853		215797		216661		217421		218363
214867		215801		216679		217429		218371
214883		215827		216703		217439		218381
218389		219091		219851		220687		221489
218401		219097		219871		220699		221497
218417		219103		219881		220709		221509
218419		219119		219889		220721		221537
218423		219133		219911		220747		221539
218437		219143		219917		220757		221549
218447		219169		219931		220771		221567
218453		219187		219937		220783		221581
218459		219217		219941		220789		221587
218461		219223		219943		220793		221603
218479		219251		219953		220807		221621
218509		219277		219959		220811		221623
218513		219281		219971		220841		221653
218521		219293		219977		220859		221657
218527		219301		219979		220861		221659
218531		219311		219983		220873		221671
218549		219313		220009		220877		221677
218551		219353		220013		220879		221707
218579		219361		220019		220889		221713
218591		219371		220021		220897		221717
218599		219377		220057		220901		221719
218611		219389		220063		220903		221723
218623		219407		220123		220907		221729
218627		219409		220141		220919		221737
218629		219433		220147		220931		221747
218641		219437		220151		220933		221773
218651		219451		220163		220939		221797
218657		219463		220169		220973		221807
218677		219467		220177		221021		221813
218681		219491		220189		221047		221827
218711		219503		220217		221059		221831
218717		219517		220243		221069		221849
218719		219523		220279		221071		221873
218723		219529		220291		221077		221891
218737		219533		220301		221083		221909
218749		219547		220307		221087		221941
218761		219577		220327		221093		221951
218783		219587		220333		221101		221953
218797		219599		220351		221159		221957
218809		219607		220357		221171		221987
218819		219613		220361		221173		221989
218833		219619		220369		221197		221999
218839		219629		220373		221201		222007
218843		219647		220391		221203		222011
218849		219649		220399		221209		222023
218857		219677		220403		221219		222029
218873		219679		220411		221227		222041
218887		219683		220421		221233		222043
218923		219689		220447		221239		222059
218941		219707		220469		221251		222067
218947		219721		220471		221261		222073
218963		219727		220511		221281		222107
218969		219731		220513		221303		222109
218971		219749		220529		221311		222113
218987		219757		220537		221317		222127
218989		219761		220543		221327		222137
218993		219763		220553		221393		222149
219001		219767		220559		221399		222151
219017		219787		220573		221401		222161
219019		219797		220579		221411		222163
219031		219799		220589		221413		222193
219041		219809		220613		221447		222197
219053		219823		220663		221453		222199
219059		219829		220667		221461		222247
219071		219839		220673		221471		222269
219083		219847		220681		221477		222289
222293		223099		223921		224729		225523
222311		223103		223939		224737		225527
222317		223129		223963		224743		225529
222323		223133		223969		224759		225569
222329		223151		223999		224771		225581
222337		223207		224011		224797		225583
222347		223211		224027		224813		225601
222349		223217		224033		224831		225611
222361		223219		224041		224863		225613
222367		223229		224047		224869		225619
222379		223241		224057		224881		225629
222389		223243		224069		224891		225637
222403		223247		224071		224897		225671
222419		223253		224101		224909		225683
222437		223259		224113		224911		225689
222461		223273		224129		224921		225697
222493		223277		224131		224929		225721
222499		223283		224149		224947		225733
222511		223291		224153		224951		225749
222527		223303		224171		224969		225751
222533		223313		224177		224977		225767
222553		223319		224197		224993		225769
222557		223331		224201		225023		225779
222587		223337		224209		225037		225781
222601		223339		224221		225061		225809
222613		223361		224233		225067		225821
222619		223367		224239		225077		225829
222643		223381		224251		225079		225839
222647		223403		224261		225089		225859
222659		223423		224267		225109		225871
222679		223429		224291		225119		225889
222707		223439		224299		225133		225919
222713		223441		224303		225143		225931
222731		223463		224309		225149		225941
222773		223469		224317		225157		225943
222779		223481		224327		225161		225949
222787		223493		224351		225163		225961
222791		223507		224359		225167		225977
222793		223529		224363		225217		225983
222799		223543		224401		225221		225989
222823		223547		224423		225223		226001
222839		223549		224429		225227		226007
222841		223577		224443		225241		226013
222857		223589		224449		225257		226027
222863		223621		224461		225263		226063
222877		223633		224467		225287		226087
222883		223637		224473		225289		226099
222913		223667		224491		225299		226103
222919		223679		224501		225307		226123
222931		223681		224513		225341		226129
222941		223697		224527		225343		226133
222947		223711		224563		225347		226141
222953		223747		224569		225349		226169
222967		223753		224579		225353		226183
222977		223757		224591		225371		226189
222979		223759		224603		225373		226199
222991		223781		224611		225383		226201
223007		223823		224617		225427		226217
223009		223829		224629		225431		226231
223019		223831		224633		225457		226241
223037		223837		224669		225461		226267
223049		223841		224677		225479		226283
223051		223843		224683		225493		226307
223061		223849		224699		225499		226313
223063		223903		224711		225503		226337
223087		223919		224717		225509		226357
226367		227207		228049		228797		229553
226379		227219		228061		228799		229561
226381		227231		228077		228829		229583
226397		227233		228097		228841		229589
226409		227251		228103		228847		229591
226427		227257		228113		228853		229601
226433		227267		228127		228859		229613
226451		227281		228131		228869		229627
226453		227299		228139		228881		229631
226463		227303		228181		228883		229637
226483		227363		228197		228887		229639
226487		227371		228199		228901		229681
226511		227377		228203		228911		229693
226531		227387		228211		228913		229699
226547		227393		228223		228923		229703
226549		227399		228233		228929		229711
226553		227407		228251		228953		229717
226571		227419		228257		228959		229727
226601		227431		228281		228961		229739
226609		227453		228299		228983		229751
226621		227459		228301		228989		229753
226631		227467		228307		229003		229759
226637		227471		228311		229027		229763
226643		227473		228331		229037		229769
226649		227489		228337		229081		229771
226657		227497		228341		229093		229777
226663		227501		228353		229123		229781
226669		227519		228359		229127		229799
226691		227531		228383		229133		229813
226697		227533		228409		229139		229819
226741		227537		228419		229153		229837
226753		227561		228421		229157		229841
226769		227567		228427		229171		229847
226777		227569		228443		229181		229849
226783		227581		228451		229189		229897
226789		227593		228457		229199		229903
226799		227597		228461		229213		229937
226813		227603		228469		229217		229939
226817		227609		228479		229223		229949
226819		227611		228509		229237		229961
226823		227627		228511		229247		229963
226843		227629		228517		229249		229979
226871		227651		228521		229253		229981
226901		227653		228523		229261		230003
226903		227663		228539		229267		230017
226907		227671		228559		229283		230047
226913		227693		228577		229309		230059
226937		227699		228581		229321		230063
226943		227707		228587		229343		230077
226991		227719		228593		229351		230081
227011		227729		228601		229373		230089
227027		227743		228611		229393		230101
227053		227789		228617		229399		230107
227081		227797		228619		229403		230117
227089		227827		228637		229409		230123
227093		227849		228647		229423		230137
227111		227869		228677		229433		230143
227113		227873		228707		229459		230149
227131		227893		228713		229469		230189
227147		227947		228731		229487		230203
227153		227951		228733		229499		230213
227159		227977		228737		229507		230221
227167		227989		228751		229519		230227
227177		227993		228757		229529		230233
227189		228013		228773		229547		230239
227191		228023		228793		229549		230257
230273		231053		231901		232801		233687
230281		231067		231919		232811		233689
230291		231079		231923		232819		233693
230303		231107		231943		232823		233713
230309		231109		231947		232847		233743
230311		231131		231961		232853		233747
230327		231169		231967		232861		233759
230339		231197		232003		232871		233777
230341		231223		232007		232877		233837
230353		231241		232013		232891		233851
230357		231269		232049		232901		233861
230369		231271		232051		232907		233879
230383		231277		232073		232919		233881
230387		231289		232079		232937		233911
230389		231293		232081		232961		233917
230393		231299		232091		232963		233921
230431		231317		232103		232987		233923
230449		231323		232109		233021		233939
230453		231331		232117		233069		233941
230467		231347		232129		233071		233969
230471		231349		232153		233083		233983
230479		231359		232171		233113		233993
230501		231367		232187		233117		234007
230507		231379		232189		233141		234029
230539		231409		232207		233143		234043
230551		231419		232217		233159		234067
230561		231431		232259		233161		234083
230563		231433		232303		233173		234089
230567		231443		232307		233183		234103
230597		231461		232333		233201		234121
230611		231463		232357		233221		234131
230647		231479		232363		233231		234139
230653		231481		232367		233239		234149
230663		231493		232381		233251		234161
230683		231503		232391		233267		234167
230693		231529		232409		233279		234181
230719		231533		232411		233293		234187
230729		231547		232417		233297		234191
230743		231551		232433		233323		234193
230761		231559		232439		233327		234197
230767		231563		232451		233329		234203
230771		231571		232457		233341		234211
230773		231589		232459		233347		234217
230779		231599		232487		233353		234239
230807		231607		232499		233357		234259
230819		231611		232513		233371		234271
230827		231613		232523		233407		234281
230833		231631		232549		233417		234287
230849		231643		232567		233419		234293
230861		231661		232571		233423		234317
230863		231677		232591		233437		234319
230873		231701		232597		233477		234323
230891		231709		232607		233489		234331
230929		231719		232621		233509		234341
230933		231779		232633		233549		234343
230939		231799		232643		233551		234361
230941		231809		232663		233557		234383
230959		231821		232669		233591		234431
230969		231823		232681		233599		234457
230977		231827		232699		233609		234461
230999		231839		232709		233617		234463
231001		231841		232711		233621		234467
231017		231859		232741		233641		234473
231019		231871		232751		233663		234499
231031		231877		232753		233669		234511
231041		231893		232777		233683		234527
234529		235307		236231		237073		237997
234539		235309		236261		237089		238001
234541		235337		236287		237091		238009
234547		235349		236293		237137		238019
234571		235369		236297		237143		238031
234587		235397		236323		237151		238037
234589		235439		236329		237157		238039
234599		235441		236333		237161		238079
234613		235447		236339		237163		238081
234629		235483		236377		237173		238093
234653		235489		236381		237179		238099
234659		235493		236387		237203		238103
234673		235513		236399		237217		238109
234683		235519		236407		237233		238141
234713		235523		236429		237257		238151
234721		235537		236449		237271		238157
234727		235541		236461		237277		238159
234733		235553		236471		237283		238163
234743		235559		236477		237287		238171
234749		235577		236479		237301		238181
234769		235591		236503		237313		238201
234781		235601		236507		237319		238207
234791		235607		236519		237331		238213
234799		235621		236527		237343		238223
234803		235661		236549		237361		238229
234809		235663		236563		237373		238237
234811		235673		236573		237379		238247
234833		235679		236609		237401		238261
234847		235699		236627		237409		238267
234851		235723		236641		237467		238291
234863		235747		236653		237487		238307
234869		235751		236659		237509		238313
234893		235783		236681		237547		238321
234907		235787		236699		237563		238331
234917		235789		236701		237571		238339
234931		235793		236707		237581		238361
234947		235811		236713		237607		238363
234959		235813		236723		237619		238369
234961		235849		236729		237631		238373
234967		235871		236737		237673		238397
234977		235877		236749		237683		238417
234979		235889		236771		237689		238423
234989		235891		236773		237691		238439
235003		235901		236779		237701		238451
235007		235919		236783		237707		238463
235009		235927		236807		237733		238471
235013		235951		236813		237737		238477
235043		235967		236867		237749		238481
235051		235979		236869		237763		238499
235057		235997		236879		237767		238519
235069		236017		236881		237781		238529
235091		236021		236891		237791		238531
235099		236053		236893		237821		238547
235111		236063		236897		237851		238573
235117		236069		236909		237857		238591
235159		236077		236917		237859		238627
235171		236087		236947		237877		238639
235177		236107		236981		237883		238649
235181		236111		236983		237901		238657
235199		236129		236993		237911		238673
235211		236143		237011		237929		238681
235231		236153		237019		237959		238691
235241		236167		237043		237967		238703
235243		236207		237053		237971		238709
235273		236209		237067		237973		238723
235289		236219		237071		237977		238727
238729		239567		240353		241229		241931
238747		239579		240371		241249		241939
238759		239587		240379		241253		241951
238781		239597		240421		241259		241963
238789		239611		240433		241261		241973
238801		239623		240437		241271		241979
238829		239633		240473		241291		241981
238837		239641		240479		241303		241993
238841		239671		240491		241313		242009
238853		239689		240503		241321		242057
238859		239699		240509		241327		242059
238877		239711		240517		241333		242069
238879		239713		240551		241337		242083
238883		239731		240571		241343		242093
238897		239737		240587		241361		242101
238919		239753		240589		241363		242119
238921		239779		240599		241391		242129
238939		239783		240607		241393		242147
238943		239803		240623		241421		242161
238949		239807		240631		241429		242171
238967		239831		240641		241441		242173
238991		239843		240659		241453		242197
239017		239849		240677		241463		242201
239023		239851		240701		241469		242227
239027		239857		240707		241489		242243
239053		239873		240719		241511		242257
239069		239879		240727		241513		242261
239081		239893		240733		241517		242273
239087		239929		240739		241537		242279
239119		239933		240743		241543		242309
239137		239947		240763		241559		242329
239147		239957		240769		241561		242357
239167		239963		240797		241567		242371
239171		239977		240811		241589		242377
239179		239999		240829		241597		242393
239201		240007		240841		241601		242399
239231		240011		240853		241603		242413
239233		240017		240859		241639		242419
239237		240041		240869		241643		242441
239243		240043		240881		241651		242447
239251		240047		240883		241663		242449
239263		240049		240893		241667		242453
239273		240059		240899		241679		242467
239287		240073		240913		241687		242479
239297		240089		240943		241691		242483
239329		240101		240953		241711		242491
239333		240109		240959		241727		242509
239347		240113		240967		241739		242519
239357		240131		240997		241771		242521
239383		240139		241013		241781		242533
239387		240151		241027		241783		242551
239389		240169		241037		241793		242591
239417		240173		241049		241807		242603
239423		240197		241051		241811		242617
239429		240203		241061		241817		242621
239431		240209		241067		241823		242629
239441		240257		241069		241847		242633
239461		240259		241079		241861		242639
239489		240263		241093		241867		242647
239509		240271		241117		241873		242659
239521		240283		241127		241877		242677
239527		240287		241141		241883		242681
239531		240319		241169		241903		242689
239539		240341		241177		241907		242713
239543		240347		241183		241919		242729
239557		240349		241207		241921		242731
242747		243613		244411		245209		246017
242773		243623		244423		245251		246049
242779		243631		244429		245257		246073
242789		243643		244451		245261		246097
242797		243647		244457		245269		246119
242807		243671		244463		245279		246121
242813		243673		244471		245291		246131
242819		243701		244481		245299		246133
242863		243703		244493		245317		246151
242867		243707		244507		245321		246167
242873		243709		244529		245339		246173
242887		243769		244547		245383		246187
242911		243781		244553		245389		246193
242923		243787		244561		245407		246203
242927		243799		244567		245411		246209
242971		243809		244583		245417		246217
242989		243829		244589		245419		246223
242999		243839		244597		245437		246241
243011		243851		244603		245471		246247
243031		243857		244619		245473		246251
243073		243863		244633		245477		246271
243077		243871		244637		245501		246277
243091		243889		244639		245513		246289
243101		243911		244667		245519		246317
243109		243917		244669		245521		246319
243119		243931		244687		245527		246329
243121		243953		244691		245533		246343
243137		243973		244703		245561		246349
243149		243989		244711		245563		246361
243157		244003		244721		245587		246371
243161		244009		244733		245591		246391
243167		244021		244747		245593		246403
243197		244033		244753		245621		246439
243203		244043		244759		245627		246469
243209		244087		244781		245629		246473
243227		244091		244787		245639		246497
243233		244109		244813		245653		246509
243239		244121		244837		245671		246511
243259		244129		244841		245681		246523
243263		244141		244843		245683		246527
243301		244147		244859		245711		246539
243311		244157		244861		245719		246557
243343		244159		244873		245723		246569
243367		244177		244877		245741		246577
243391		244199		244889		245747		246599
243401		244217		244897		245753		246607
243403		244219		244901		245759		246611
243421		244243		244939		245771		246613
243431		244247		244943		245783		246637
243433		244253		244957		245789		246641
243437		244261		244997		245821		246643
243461		244291		245023		245849		246661
243469		244297		245029		245851		246683
243473		244301		245033		245863		246689
243479		244303		245039		245881		246707
243487		244313		245071		245897		246709
243517		244333		245083		245899		246713
243521		244339		245087		245909		246731
243527		244351		245107		245911		246739
243533		244357		245129		245941		246769
243539		244367		245131		245963		246773
243553		244379		245149		245977		246781
243577		244381		245171		245981		246787
243583		244393		245173		245983		246793
243587		244399		245177		245989		246803
243589		244403		245183		246011		246809
246811		247651		248407		249199		250007
246817		247691		248431		249211		250013
246833		247693		248441		249217		250027
246839		247697		248447		249229		250031
246889		247711		248461		249233		250037
246899		247717		248473		249253		250043
246907		247729		248477		249257		250049
246913		247739		248483		249287		250051
246919		247759		248509		249311		250057
246923		247769		248533		249317		250073
246929		247771		248537		249329		250091
246931		247781		248543		249341		250109
246937		247799		248569		249367		250123
246941		247811		248579		249377		250147
246947		247813		248587		249383		250153
246971		247829		248593		249397		250169
246979		247847		248597		249419		250199
247001		247853		248609		249421		250253
247007		247873		248621		249427		250259
247031		247879		248627		249433		250267
247067		247889		248639		249437		250279
247069		247901		248641		249439		250301
247073		247913		248657		249449		250307
247087		247939		248683		249463		250343
247099		247943		248701		249497		250361
247141		247957		248707		249499		250403
247183		247991		248719		249503		250409
247193		247993		248723		249517		250423
247201		247997		248737		249521		250433
247223		247999		248749		249533		250441
247229		248021		248753		249539		250451
247241		248033		248779		249541		250489
247249		248041		248783		249563		250499
247259		248051		248789		249583		250501
247279		248057		248797		249589		250543
247301		248063		248813		249593		250583
247309		248071		248821		249607		250619
247337		248077		248827		249647		250643
247339		248089		248839		249659		250673
247343		248099		248851		249671		250681
247363		248117		248861		249677		250687
247369		248119		248867		249703		250693
247381		248137		248869		249721		250703
247391		248141		248879		249727		250709
247393		248161		248887		249737		250721
247409		248167		248891		249749		250727
247421		248177		248893		249763		250739
247433		248179		248903		249779		250741
247439		248189		248909		249797		250751
247451		248201		248971		249811		250753
247463		248203		248981		249827		250777
247501		248231		248987		249833		250787
247519		248243		249017		249853		250793
247529		248257		249037		249857		250799
247531		248267		249059		249859		250807
247547		248291		249079		249863		250813
247553		248293		249089		249871		250829
247579		248299		249097		249881		250837
247591		248309		249103		249911		250841
247601		248317		249107		249923		250853
247603		248323		249127		249943		250867
247607		248351		249131		249947		250871
247609		248357		249133		249967		250889
247613		248371		249143		249971		250919
247633		248389		249181		249973		250949
247649		248401		249187		249989		250951
250963		251653		252481		253433		254161
250967		251663		252509		253439		254179
250969		251677		252533		253447		254197
250979		251701		252541		253469		254207
250993		251707		252559		253481		254209
251003		251737		252583		253493		254213
251033		251761		252589		253501		254249
251051		251789		252607		253507		254257
251057		251791		252611		253531		254279
251059		251809		252617		253537		254281
251063		251831		252641		253543		254291
251071		251833		252667		253553		254299
251081		251843		252691		253567		254329
251087		251857		252709		253573		254369
251099		251861		252713		253601		254377
251117		251879		252727		253607		254383
251143		251887		252731		253609		254389
251149		251893		252737		253613		254407
251159		251897		252761		253633		254413
251171		251903		252767		253637		254437
251177		251917		252779		253639		254447
251179		251939		252817		253651		254461
251191		251941		252823		253661		254489
251197		251947		252827		253679		254491
251201		251969		252829		253681		254519
251203		251971		252869		253703		254537
251219		251983		252877		253717		254557
251221		252001		252881		253733		254593
251231		252013		252887		253741		254623
251233		252017		252893		253751		254627
251257		252029		252899		253763		254647
251261		252037		252911		253769		254659
251263		252079		252913		253777		254663
251287		252101		252919		253787		254699
251291		252139		252937		253789		254713
251297		252143		252949		253801		254729
251323		252151		252971		253811		254731
251347		252157		252979		253819		254741
251353		252163		252983		253823		254747
251359		252169		253003		253853		254753
251387		252173		253013		253867		254773
251393		252181		253049		253871		254777
251417		252193		253063		253879		254783
251429		252209		253081		253901		254791
251431		252223		253103		253907		254803
251437		252233		253109		253909		254827
251443		252253		253133		253919		254831
251467		252277		253153		253937		254833
251473		252283		253157		253949		254857
251477		252289		253159		253951		254869
251483		252293		253229		253969		254873
251491		252313		253243		253987		254879
251501		252319		253247		253993		254887
251513		252323		253273		253999		254899
251519		252341		253307		254003		254911
251527		252359		253321		254021		254927
251533		252383		253343		254027		254929
251539		252391		253349		254039		254941
251543		252401		253361		254041		254959
251561		252409		253367		254047		254963
251567		252419		253369		254053		254971
251609		252431		253381		254071		254977
251611		252443		253387		254083		254987
251621		252449		253417		254119		254993
251623		252457		253423		254141		255007
251639		252463		253427		254147		255019
255023		255803		256609		257501		258353
255043		255839		256639		257503		258373
255049		255841		256643		257519		258389
255053		255847		256651		257539		258403
255071		255851		256661		257561		258407
255077		255859		256687		257591		258413
255083		255869		256699		257611		258421
255097		255877		256721		257627		258437
255107		255887		256723		257639		258443
255121		255907		256757		257657		258449
255127		255917		256771		257671		258469
255133		255919		256799		257687		258487
255137		255923		256801		257689		258491
255149		255947		256813		257707		258499
255173		255961		256831		257711		258521
255179		255971		256873		257713		258527
255181		255973		256877		257717		258539
255191		255977		256889		257731		258551
255193		255989		256901		257783		258563
255197		256019		256903		257791		258569
255209		256021		256931		257797		258581
255217		256031		256939		257837		258607
255239		256033		256957		257857		258611
255247		256049		256967		257861		258613
255251		256057		256981		257863		258617
255253		256079		257003		257867		258623
255259		256093		257017		257869		258631
255313		256117		257053		257879		258637
255329		256121		257069		257893		258659
255349		256129		257077		257903		258673
255361		256133		257093		257921		258677
255371		256147		257099		257947		258691
255383		256163		257107		257953		258697
255413		256169		257123		257981		258703
255419		256181		257141		257987		258707
255443		256187		257161		257989		258721
255457		256189		257171		257993		258733
255467		256199		257177		258019		258737
255469		256211		257189		258023		258743
255473		256219		257219		258031		258763
255487		256279		257221		258061		258779
255499		256301		257239		258067		258787
255503		256307		257249		258101		258803
255511		256313		257263		258107		258809
255517		256337		257273		258109		258827
255523		256349		257281		258113		258847
255551		256363		257287		258119		258871
255571		256369		257293		258127		258887
255587		256391		257297		258131		258917
255589		256393		257311		258143		258919
255613		256423		257321		258157		258949
255617		256441		257339		258161		258959
255637		256469		257351		258173		258967
255641		256471		257353		258197		258971
255649		256483		257371		258211		258977
255653		256489		257381		258233		258983
255659		256493		257399		258241		258991
255667		256499		257401		258253		259001
255679		256517		257407		258277		259009
255709		256541		257437		258283		259019
255713		256561		257443		258299		259033
255733		256567		257447		258317		259099
255743		256577		257459		258319		259121
255757		256579		257473		258329		259123
255763		256589		257489		258331		259151
255767		256603		257497		258337		259157
259159		259993		260863		261713		262567
259163		260003		260873		261721		262583
259169		260009		260879		261739		262597
259177		260011		260893		261757		262621
259183		260017		260921		261761		262627
259201		260023		260941		261773		262643
259211		260047		260951		261787		262649
259213		260081		260959		261791		262651
259219		260089		260969		261799		262657
259229		260111		260983		261823		262681
259271		260137		260987		261847		262693
259277		260171		260999		261881		262697
259309		260179		261011		261887		262709
259321		260189		261013		261917		262723
259339		260191		261017		261959		262733
259379		260201		261031		261971		262739
259381		260207		261043		261973		262741
259387		260209		261059		261977		262747
259397		260213		261061		261983		262781
259411		260231		261071		262007		262783
259421		260263		261077		262027		262807
259429		260269		261089		262049		262819
259451		260317		261101		262051		262853
259453		260329		261127		262069		262877
259459		260339		261167		262079		262883
259499		260363		261169		262103		262897
259507		260387		261223		262109		262901
259517		260399		261229		262111		262909
259531		260411		261241		262121		262937
259537		260413		261251		262127		262949
259547		260417		261271		262133		262957
259577		260419		261281		262139		262981
259583		260441		261301		262147		263009
259603		260453		261323		262151		263023
259619		260461		261329		262153		263047
259621		260467		261337		262187		263063
259627		260483		261347		262193		263071
259631		260489		261353		262217		263077
259639		260527		261379		262231		263083
259643		260539		261389		262237		263089
259657		260543		261407		262253		263101
259667		260549		261427		262261		263111
259681		260551		261431		262271		263119
259691		260569		261433		262303		263129
259697		260573		261439		262313		263167
259717		260581		261451		262321		263171
259723		260587		261463		262331		263183
259733		260609		261467		262337		263191
259751		260629		261509		262349		263201
259771		260647		261523		262351		263209
259781		260651		261529		262369		263213
259783		260671		261557		262387		263227
259801		260677		261563		262391		263239
259813		260713		261577		262399		263257
259823		260717		261581		262411		263267
259829		260723		261587		262433		263269
259837		260747		261593		262459		263273
259841		260753		261601		262469		263287
259867		260761		261619		262489		263293
259907		260773		261631		262501		263303
259933		260791		261637		262511		263323
259937		260807		261641		262513		263369
259943		260809		261643		262519		263383
259949		260849		261673		262541		263387
259967		260857		261697		262543		263399
259991		260861		261707		262553		263401
263411		264169		265021		265847		266681
263423		264179		265037		265861		266683
263429		264211		265079		265871		266687
263437		264221		265091		265873		266689
263443		264263		265093		265883		266701
263489		264269		265117		265891		266711
263491		264283		265123		265921		266719
263503		264289		265129		265957		266759
263513		264301		265141		265961		266767
263519		264323		265151		265987		266797
263521		264331		265157		266003		266801
263533		264343		265163		266009		266821
263537		264349		265169		266023		266837
263561		264353		265193		266027		266839
263567		264359		265207		266029		266863
263573		264371		265231		266047		266867
263591		264391		265241		266051		266891
263597		264403		265247		266053		266897
263609		264437		265249		266059		266899
263611		264443		265261		266081		266909
263621		264463		265271		266083		266921
263647		264487		265273		266089		266927
263651		264527		265277		266093		266933
263657		264529		265313		266099		266947
263677		264553		265333		266111		266953
263723		264559		265337		266117		266957
263729		264577		265339		266129		266971
263737		264581		265381		266137		266977
263759		264599		265399		266153		266983
263761		264601		265403		266159		266993
263803		264619		265417		266177		266999
263819		264631		265423		266183		267017
263821		264637		265427		266221		267037
263827		264643		265451		266239		267049
263843		264659		265459		266261		267097
263849		264697		265471		266269		267131
263863		264731		265483		266281		267133
263867		264739		265493		266291		267139
263869		264743		265511		266293		267143
263881		264749		265513		266297		267167
263899		264757		265541		266333		267187
263909		264763		265543		266351		267193
263911		264769		265547		266353		267199
263927		264779		265561		266359		267203
263933		264787		265567		266369		267217
263941		264791		265571		266381		267227
263951		264793		265579		266401		267229
263953		264811		265607		266411		267233
263957		264827		265613		266417		267259
263983		264829		265619		266447		267271
264007		264839		265621		266449		267277
264013		264871		265703		266477		267299
264029		264881		265709		266479		267301
264031		264889		265711		266489		267307
264053		264893		265717		266491		267317
264059		264899		265729		266521		267341
264071		264919		265739		266549		267353
264083		264931		265747		266587		267373
264091		264949		265757		266599		267389
264101		264959		265781		266603		267391
264113		264961		265787		266633		267401
264127		264977		265807		266641		267403
264133		264991		265813		266647		267413
264137		264997		265819		266663		267419
264139		265003		265831		266671		267431
264167		265007		265841		266677		267433
267439		268123		268997		269779		270593
267451		268133		268999		269783		270601
267469		268153		269023		269791		270619
267479		268171		269029		269851		270631
267481		268189		269039		269879		270653
267493		268199		269041		269887		270659
267497		268207		269057		269891		270667
267511		268211		269063		269897		270679
267517		268237		269069		269923		270689
267521		268253		269089		269939		270701
267523		268267		269117		269947		270709
267541		268271		269131		269953		270719
267551		268283		269141		269981		270737
267557		268291		269167		269987		270749
267569		268297		269177		270001		270761
267581		268343		269179		270029		270763
267587		268403		269183		270031		270791
267593		268439		269189		270037		270797
267601		268459		269201		270059		270799
267611		268487		269209		270071		270821
267613		268493		269219		270073		270833
267629		268501		269221		270097		270841
267637		268507		269231		270121		270859
267643		268517		269237		270131		270899
267647		268519		269251		270133		270913
267649		268529		269257		270143		270923
267661		268531		269281		270157		270931
267667		268537		269317		270163		270937
267671		268547		269327		270167		270953
267677		268573		269333		270191		270961
267679		268607		269341		270209		270967
267713		268613		269351		270217		270973
267719		268637		269377		270223		271003
267721		268643		269383		270229		271013
267727		268661		269387		270239		271021
267737		268693		269389		270241		271027
267739		268721		269393		270269		271043
267749		268729		269413		270271		271057
267763		268733		269419		270287		271067
267781		268747		269429		270299		271079
267791		268757		269431		270307		271097
267797		268759		269441		270311		271109
267803		268771		269461		270323		271127
267811		268777		269473		270329		271129
267829		268781		269513		270337		271163
267833		268783		269519		270343		271169
267857		268789		269527		270371		271177
267863		268811		269539		270379		271181
267877		268813		269543		270407		271211
267887		268817		269561		270421		271217
267893		268819		269573		270437		271231
267899		268823		269579		270443		271241
267901		268841		269597		270451		271253
267907		268843		269617		270461		271261
267913		268861		269623		270463		271273
267929		268883		269641		270493		271277
267941		268897		269651		270509		271279
267959		268909		269663		270527		271289
267961		268913		269683		270539		271333
268003		268921		269701		270547		271351
268013		268927		269713		270551		271357
268043		268937		269719		270553		271363
268049		268969		269723		270563		271367
268063		268973		269741		270577		271393
268069		268979		269749		270583		271409
268091		268993		269761		270587		271429
271451		272267		273061		274007		274847
271463		272269		273067		274019		274853
271471		272287		273073		274033		274861
271483		272299		273083		274061		274867
271489		272317		273107		274069		274871
271499		272329		273113		274081		274889
271501		272333		273127		274093		274909
271517		272341		273131		274103		274931
271549		272347		273149		274117		274943
271553		272351		273157		274121		274951
271571		272353		273181		274123		274957
271573		272359		273187		274139		274961
271597		272369		273193		274147		274973
271603		272381		273233		274163		274993
271619		272383		273253		274171		275003
271637		272399		273269		274177		275027
271639		272407		273271		274187		275039
271651		272411		273281		274199		275047
271657		272417		273283		274201		275053
271693		272423		273289		274213		275059
271703		272449		273311		274223		275083
271723		272453		273313		274237		275087
271729		272477		273323		274243		275129
271753		272507		273349		274259		275131
271769		272533		273359		274271		275147
271771		272537		273367		274277		275153
271787		272539		273433		274283		275159
271807		272549		273457		274301		275161
271811		272563		273473		274333		275167
271829		272567		273503		274349		275183
271841		272581		273517		274357		275201
271849		272603		273521		274361		275207
271853		272621		273527		274403		275227
271861		272651		273551		274423		275251
271867		272659		273569		274441		275263
271879		272683		273601		274451		275269
271897		272693		273613		274453		275299
271903		272717		273617		274457		275309
271919		272719		273629		274471		275321
271927		272737		273641		274489		275323
271939		272759		273643		274517		275339
271967		272761		273653		274529		275357
271969		272771		273697		274579		275371
271981		272777		273709		274583		275389
272003		272807		273719		274591		275393
272009		272809		273727		274609		275399
272011		272813		273739		274627		275419
272029		272863		273773		274661		275423
272039		272879		273787		274667		275447
272053		272887		273797		274679		275449
272059		272903		273803		274693		275453
272093		272911		273821		274697		275459
272131		272917		273827		274709		275461
272141		272927		273857		274711		275489
272171		272933		273881		274723		275491
272179		272959		273899		274739		275503
272183		272971		273901		274751		275521
272189		272981		273913		274777		275531
272191		272983		273919		274783		275543
272201		272989		273929		274787		275549
272203		272999		273941		274811		275573
272227		273001		273943		274817		275579
272231		273029		273967		274829		275581
272249		273043		273971		274831		275591
272257		273047		273979		274837		275593
272263		273059		273997		274843		275599
275623		276401		277247		278143		278909
275641		276439		277259		278147		278911
275651		276443		277261		278149		278917
275657		276449		277273		278177		278947
275669		276461		277279		278191		278981
275677		276467		277297		278207		279001
275699		276487		277301		278209		279007
275711		276499		277309		278219		279023
275719		276503		277331		278227		279029
275729		276517		277363		278233		279047
275741		276527		277373		278237		279073
275767		276553		277411		278261		279109
275773		276557		277421		278269		279119
275783		276581		277427		278279		279121
275813		276587		277429		278321		279127
275827		276589		277483		278329		279131
275837		276593		277493		278347		279137
275881		276599		277499		278353		279143
275897		276623		277513		278363		279173
275911		276629		277531		278387		279179
275917		276637		277547		278393		279187
275921		276671		277549		278413		279203
275923		276673		277567		278437		279211
275929		276707		277577		278459		279221
275939		276721		277579		278479		279269
275941		276739		277597		278489		279311
275963		276763		277601		278491		279317
275969		276767		277603		278497		279329
275981		276779		277637		278501		279337
275987		276781		277639		278503		279353
275999		276817		277643		278543		279397
276007		276821		277657		278549		279407
276011		276823		277663		278557		279413
276019		276827		277687		278561		279421
276037		276833		277691		278563		279431
276041		276839		277703		278581		279443
276043		276847		277741		278591		279451
276047		276869		277747		278609		279479
276049		276883		277751		278611		279481
276079		276901		277757		278617		279511
276083		276907		277787		278623		279523
276091		276917		277789		278627		279541
276113		276919		277793		278639		279551
276137		276929		277813		278651		279553
276151		276949		277829		278671		279557
276173		276953		277847		278687		279571
276181		276961		277859		278689		279577
276187		276977		277883		278701		279583
276191		277003		277889		278717		279593
276209		277007		277891		278741		279607
276229		277021		277897		278743		279613
276239		277051		277903		278753		279619
276247		277063		277919		278767		279637
276251		277073		277961		278801		279641
276257		277087		277993		278807		279649
276277		277097		277999		278809		279659
276293		277099		278017		278813		279679
276319		277157		278029		278819		279689
276323		277163		278041		278827		279707
276337		277169		278051		278843		279709
276343		277177		278063		278849		279731
276347		277183		278071		278867		279751
276359		277213		278087		278879		279761
276371		277217		278111		278881		279767
276373		277223		278119		278891		279779
276389		277231		278123		278903		279817
279823		280673		281429		282167		283027
279847		280681		281431		282221		283051
279857		280697		281509		282229		283079
279863		280699		281527		282239		283093
279883		280703		281531		282241		283097
279913		280711		281539		282253		283099
279919		280717		281549		282281		283111
279941		280729		281551		282287		283117
279949		280751		281557		282299		283121
279967		280759		281563		282307		283133
279977		280769		281579		282311		283139
279991		280771		281581		282313		283159
280001		280811		281609		282349		283163
280009		280817		281621		282377		283181
280013		280837		281623		282383		283183
280031		280843		281627		282389		283193
280037		280859		281641		282391		283207
280061		280871		281647		282407		283211
280069		280879		281651		282409		283267
280097		280883		281653		282413		283277
280099		280897		281663		282427		283289
280103		280909		281669		282439		283303
280121		280913		281683		282461		283369
280129		280921		281717		282481		283397
280139		280927		281719		282487		283403
280183		280933		281737		282493		283411
280187		280939		281747		282559		283447
280199		280949		281761		282563		283463
280207		280957		281767		282571		283487
280219		280963		281777		282577		283489
280223		280967		281783		282589		283501
280229		280979		281791		282599		283511
280243		280997		281797		282617		283519
280249		281023		281803		282661		283541
280253		281033		281807		282671		283553
280277		281053		281833		282677		283571
280297		281063		281837		282679		283573
280303		281069		281839		282683		283579
280321		281081		281849		282691		283583
280327		281117		281857		282697		283601
280337		281131		281867		282703		283607
280339		281153		281887		282707		283609
280351		281159		281893		282713		283631
280373		281167		281921		282767		283637
280409		281189		281923		282769		283639
280411		281191		281927		282773		283669
280451		281207		281933		282797		283687
280463		281227		281947		282809		283697
280487		281233		281959		282827		283721
280499		281243		281971		282833		283741
280507		281249		281989		282847		283763
280513		281251		281993		282851		283769
280537		281273		282001		282869		283771
280541		281279		282011		282881		283793
280547		281291		282019		282889		283799
280549		281297		282053		282907		283807
280561		281317		282059		282911		283813
280583		281321		282071		282913		283817
280589		281327		282089		282917		283831
280591		281339		282091		282959		283837
280597		281353		282097		282973		283859
280603		281357		282101		282977		283861
280607		281363		282103		282991		283873
280613		281381		282127		283001		283909
280627		281419		282143		283007		283937
280639		281423		282157		283009		283949
283957		284723		285539		286459		287269
283961		284729		285553		286469		287279
283979		284731		285557		286477		287281
284003		284737		285559		286483		287291
284023		284741		285569		286487		287297
284041		284743		285599		286493		287321
284051		284747		285611		286499		287327
284057		284749		285613		286513		287333
284059		284759		285629		286519		287341
284083		284777		285631		286541		287347
284093		284783		285641		286543		287383
284111		284803		285643		286547		287387
284117		284807		285661		286553		287393
284129		284813		285667		286589		287437
284131		284819		285673		286591		287449
284149		284831		285697		286609		287491
284153		284833		285707		286613		287501
284159		284839		285709		286619		287503
284161		284857		285721		286633		287537
284173		284881		285731		286651		287549
284191		284897		285749		286673		287557
284201		284899		285757		286687		287579
284227		284917		285763		286697		287597
284231		284927		285767		286703		287611
284233		284957		285773		286711		287629
284237		284969		285781		286721		287669
284243		284989		285823		286733		287671
284261		285007		285827		286751		287681
284267		285023		285839		286753		287689
284269		285031		285841		286763		287701
284293		285049		285871		286771		287731
284311		285071		285937		286777		287747
284341		285079		285949		286789		287783
284357		285091		285953		286801		287789
284369		285101		285977		286813		287801
284377		285113		285979		286831		287813
284387		285119		285983		286859		287821
284407		285121		285997		286873		287849
284413		285139		286001		286927		287851
284423		285151		286009		286973		287857
284429		285161		286019		286981		287863
284447		285179		286043		286987		287867
284467		285191		286049		286999		287873
284477		285199		286061		287003		287887
284483		285221		286063		287047		287921
284489		285227		286073		287057		287933
284507		285251		286103		287059		287939
284509		285281		286129		287087		287977
284521		285283		286163		287093		288007
284527		285287		286171		287099		288023
284539		285289		286199		287107		288049
284551		285301		286243		287117		288053
284561		285317		286249		287137		288061
284573		285343		286289		287141		288077
284587		285377		286301		287149		288089
284591		285421		286333		287159		288109
284593		285433		286367		287167		288137
284623		285451		286369		287173		288179
284633		285457		286381		287179		288181
284651		285463		286393		287191		288191
284657		285469		286397		287219		288199
284659		285473		286411		287233		288203
284681		285497		286421		287237		288209
284689		285517		286427		287239		288227
284701		285521		286453		287251		288241
284707		285533		286457		287257		288247
288257		289063		289853		290627		291443
288283		289067		289859		290657		291457
288293		289099		289871		290659		291481
288307		289103		289889		290663		291491
288313		289109		289897		290669		291503
288317		289111		289937		290671		291509
288349		289127		289951		290677		291521
288359		289129		289957		290701		291539
288361		289139		289967		290707		291547
288383		289141		289973		290711		291559
288389		289151		289987		290737		291563
288403		289169		289999		290761		291569
288413		289171		290011		290767		291619
288427		289181		290021		290791		291647
288433		289189		290023		290803		291649
288461		289193		290027		290821		291661
288467		289213		290033		290827		291677
288481		289241		290039		290837		291689
288493		289243		290041		290839		291691
288499		289249		290047		290861		291701
288527		289253		290057		290869		291721
288529		289273		290083		290879		291727
288539		289283		290107		290897		291743
288551		289291		290113		290923		291751
288559		289297		290119		290959		291779
288571		289309		290137		290963		291791
288577		289319		290141		290971		291817
288583		289343		290161		290987		291829
288647		289349		290183		290993		291833
288649		289361		290189		290999		291853
288653		289369		290201		291007		291857
288661		289381		290209		291013		291869
288679		289397		290219		291037		291877
288683		289417		290233		291041		291887
288689		289423		290243		291043		291899
288697		289439		290249		291077		291901
288731		289453		290317		291089		291923
288733		289463		290327		291101		291971
288751		289469		290347		291103		291979
288767		289477		290351		291107		291983
288773		289489		290359		291113		291997
288803		289511		290369		291143		292021
288817		289543		290383		291167		292027
288823		289559		290393		291169		292037
288833		289573		290399		291173		292057
288839		289577		290419		291191		292069
288851		289589		290429		291199		292079
288853		289603		290441		291209		292081
288877		289607		290443		291217		292091
288907		289637		290447		291253		292093
288913		289643		290471		291257		292133
288929		289657		290473		291271		292141
288931		289669		290489		291287		292147
288947		289717		290497		291293		292157
288973		289721		290509		291299		292181
288979		289727		290527		291331		292183
288989		289733		290531		291337		292223
288991		289741		290533		291349		292231
288997		289759		290539		291359		292241
289001		289763		290557		291367		292249
289019		289771		290593		291371		292267
289021		289789		290597		291373		292283
289031		289837		290611		291377		292301
289033		289841		290617		291419		292309
289039		289843		290621		291437		292319
289049		289847		290623		291439		292343
292351		293179		294149		294923		295847
292363		293201		294157		294947		295853
292367		293207		294167		294949		295861
292381		293213		294169		294953		295871
292393		293221		294179		294979		295873
292427		293257		294181		294989		295877
292441		293261		294199		294991		295879
292459		293263		294211		294997		295901
292469		293269		294223		295007		295903
292471		293311		294227		295033		295909
292477		293329		294241		295037		295937
292483		293339		294247		295039		295943
292489		293351		294251		295049		295949
292493		293357		294269		295073		295951
292517		293399		294277		295079		295961
292531		293413		294289		295081		295973
292541		293431		294293		295111		295993
292549		293441		294311		295123		296011
292561		293453		294313		295129		296017
292573		293459		294317		295153		296027
292577		293467		294319		295187		296041
292601		293473		294337		295199		296047
292627		293483		294341		295201		296071
292631		293507		294347		295219		296083
292661		293543		294353		295237		296099
292667		293599		294383		295247		296117
292673		293603		294391		295259		296129
292679		293617		294397		295271		296137
292693		293621		294403		295277		296159
292703		293633		294431		295283		296183
292709		293639		294439		295291		296201
292711		293651		294461		295313		296213
292717		293659		294467		295319		296221
292727		293677		294479		295333		296237
292753		293681		294499		295357		296243
292759		293701		294509		295363		296249
292777		293717		294523		295387		296251
292793		293723		294529		295411		296269
292801		293729		294551		295417		296273
292807		293749		294563		295429		296279
292819		293767		294629		295433		296287
292837		293773		294641		295439		296299
292841		293791		294647		295441		296347
292849		293803		294649		295459		296353
292867		293827		294659		295513		296363
292879		293831		294673		295517		296369
292909		293861		294703		295541		296377
292921		293863		294731		295553		296437
292933		293893		294751		295567		296441
292969		293899		294757		295571		296473
292973		293941		294761		295591		296477
292979		293957		294773		295601		296479
292993		293983		294781		295663		296489
293021		293989		294787		295693		296503
293071		293999		294793		295699		296507
293081		294001		294799		295703		296509
293087		294013		294803		295727		296519
293093		294023		294809		295751		296551
293099		294029		294821		295759		296557
293107		294043		294829		295769		296561
293123		294053		294859		295777		296563
293129		294059		294869		295787		296579
293147		294067		294887		295819		296581
293149		294103		294893		295831		296587
293173		294127		294911		295837		296591
293177		294131		294919		295843		296627
296651		297487		298339		299261		300119
296663		297503		298343		299281		300137
296669		297509		298349		299287		300149
296683		297523		298369		299311		300151
296687		297533		298373		299317		300163
296693		297581		298399		299329		300187
296713		297589		298409		299333		300191
296719		297601		298411		299357		300193
296729		297607		298427		299359		300221
296731		297613		298451		299363		300229
296741		297617		298477		299371		300233
296749		297623		298483		299389		300239
296753		297629		298513		299393		300247
296767		297641		298559		299401		300277
296771		297659		298579		299417		300299
296773		297683		298583		299419		300301
296797		297691		298589		299447		300317
296801		297707		298601		299471		300319
296819		297719		298607		299473		300323
296827		297727		298621		299477		300331
296831		297757		298631		299479		300343
296833		297779		298651		299501		300347
296843		297793		298667		299513		300367
296909		297797		298679		299521		300397
296911		297809		298681		299527		300413
296921		297811		298687		299539		300427
296929		297833		298691		299567		300431
296941		297841		298693		299569		300439
296969		297853		298709		299603		300463
296971		297881		298723		299617		300481
296981		297889		298733		299623		300491
296983		297893		298757		299653		300493
296987		297907		298759		299671		300497
297019		297911		298777		299681		300499
297023		297931		298799		299683		300511
297049		297953		298801		299699		300557
297061		297967		298817		299701		300569
297067		297971		298819		299711		300581
297079		297989		298841		299723		300583
297083		297991		298847		299731		300589
297097		298013		298853		299743		300593
297113		298021		298861		299749		300623
297133		298031		298897		299771		300631
297151		298043		298937		299777		300647
297161		298049		298943		299807		300649
297169		298063		298993		299843		300661
297191		298087		298999		299857		300667
297233		298093		299011		299861		300673
297247		298099		299017		299881		300683
297251		298153		299027		299891		300691
297257		298157		299029		299903		300719
297263		298159		299053		299909		300721
297289		298169		299059		299933		300733
297317		298171		299063		299941		300739
297359		298187		299087		299951		300743
297371		298201		299099		299969		300749
297377		298211		299107		299977		300757
297391		298213		299113		299983		300761
297397		298223		299137		299993		300779
297403		298237		299147		300007		300787
297421		298247		299171		300017		300799
297439		298261		299179		300023		300809
297457		298283		299191		300043		300821
297467		298303		299197		300073		300823
297469		298307		299213		300089		300851
297481		298327		299239		300109		300857
300869		301673		302593		303371		304151
300877		301681		302597		303377		304153
300889		301703		302609		303379		304163
300893		301711		302629		303389		304169
300929		301747		302647		303409		304193
300931		301751		302663		303421		304211
300953		301753		302681		303431		304217
300961		301759		302711		303463		304223
300967		301789		302723		303469		304253
300973		301793		302747		303473		304259
300977		301813		302759		303491		304279
300997		301831		302767		303493		304301
301013		301841		302779		303497		304303
301027		301843		302791		303529		304331
301039		301867		302801		303539		304349
301051		301877		302831		303547		304357
301057		301897		302833		303551		304363
301073		301901		302837		303553		304373
301079		301907		302843		303571		304391
301123		301913		302851		303581		304393
301127		301927		302857		303587		304411
301141		301933		302873		303593		304417
301153		301943		302891		303613		304429
301159		301949		302903		303617		304433
301177		301979		302909		303619		304439
301181		301991		302921		303643		304457
301183		301993		302927		303647		304459
301211		301997		302941		303649		304477
301219		301999		302959		303679		304481
301237		302009		302969		303683		304489
301241		302053		302971		303689		304501
301243		302111		302977		303691		304511
301247		302123		302983		303703		304517
301267		302143		302989		303713		304523
301303		302167		302999		303727		304537
301319		302171		303007		303731		304541
301331		302173		303011		303749		304553
301333		302189		303013		303767		304559
301349		302191		303019		303781		304561
301361		302213		303029		303803		304597
301363		302221		303049		303817		304609
301381		302227		303053		303827		304631
301403		302261		303073		303839		304643
301409		302273		303089		303859		304651
301423		302279		303091		303871		304663
301429		302287		303097		303889		304687
301447		302297		303119		303907		304709
301459		302299		303139		303917		304723
301463		302317		303143		303931		304729
301471		302329		303151		303937		304739
301487		302399		303157		303959		304751
301489		302411		303187		303983		304757
301493		302417		303217		303997		304763
301501		302429		303257		304009		304771
301531		302443		303271		304013		304781
301577		302459		303283		304021		304789
301579		302483		303287		304033		304807
301583		302507		303293		304039		304813
301591		302513		303299		304049		304831
301601		302551		303307		304063		304847
301619		302563		303313		304067		304849
301627		302567		303323		304069		304867
301643		302573		303337		304081		304879
301649		302579		303341		304091		304883
301657		302581		303361		304099		304897
301669		302587		303367		304127		304901
304903		305717		306517		307301		308293
304907		305719		306529		307337		308303
304933		305741		306533		307339		308309
304937		305743		306541		307361		308311
304943		305749		306563		307367		308317
304949		305759		306577		307381		308323
304961		305761		306587		307397		308327
304979		305771		306589		307399		308333
304981		305783		306643		307409		308359
305017		305803		306653		307423		308383
305021		305821		306661		307451		308411
305023		305839		306689		307471		308423
305029		305849		306701		307481		308437
305033		305857		306703		307511		308447
305047		305861		306707		307523		308467
305069		305867		306727		307529		308489
305093		305873		306739		307537		308491
305101		305917		306749		307543		308501
305111		305927		306763		307577		308507
305113		305933		306781		307583		308509
305119		305947		306809		307589		308519
305131		305971		306821		307609		308521
305143		305999		306827		307627		308527
305147		306011		306829		307631		308537
305209		306023		306847		307633		308551
305219		306029		306853		307639		308569
305231		306041		306857		307651		308573
305237		306049		306871		307669		308587
305243		306083		306877		307687		308597
305267		306091		306883		307691		308621
305281		306121		306893		307693		308639
305297		306133		306899		307711		308641
305329		306139		306913		307733		308663
305339		306149		306919		307759		308681
305351		306157		306941		307817		308701
305353		306167		306947		307823		308713
305363		306169		306949		307831		308723
305369		306191		306953		307843		308761
305377		306193		306991		307859		308773
305401		306209		307009		307871		308801
305407		306239		307019		307873		308809
305411		306247		307031		307891		308813
305413		306253		307033		307903		308827
305419		306259		307067		307919		308849
305423		306263		307079		307939		308851
305441		306301		307091		307969		308857
305449		306329		307093		308003		308887
305471		306331		307103		308017		308899
305477		306347		307121		308027		308923
305479		306349		307129		308041		308927
305483		306359		307147		308051		308929
305489		306367		307163		308081		308933
305497		306377		307169		308093		308939
305521		306389		307171		308101		308951
305533		306407		307187		308107		308989
305551		306419		307189		308117		308999
305563		306421		307201		308129		309007
305581		306431		307243		308137		309011
305593		306437		307253		308141		309013
305597		306457		307259		308149		309019
305603		306463		307261		308153		309031
305611		306473		307267		308213		309037
305621		306479		307273		308219		309059
305633		306491		307277		308249		309079
305639		306503		307283		308263		309083
305663		306511		307289		308291		309091
309107		309931		310789		311687		312527
309109		309937		310801		311711		312551
309121		309977		310819		311713		312553
309131		309989		310823		311737		312563
309137		310019		310829		311743		312581
309157		310021		310831		311747		312583
309167		310027		310861		311749		312589
309173		310043		310867		311791		312601
309193		310049		310883		311803		312617
309223		310081		310889		311807		312619
309241		310087		310901		311821		312623
309251		310091		310927		311827		312643
309259		310111		310931		311867		312673
309269		310117		310949		311869		312677
309271		310127		310969		311881		312679
309277		310129		310987		311897		312701
309289		310169		310997		311951		312703
309293		310181		311009		311957		312709
309311		310187		311021		311963		312727
309313		310223		311027		311981		312737
309317		310229		311033		312007		312743
309359		310231		311041		312023		312757
309367		310237		311099		312029		312773
309371		310243		311111		312031		312779
309391		310273		311123		312043		312799
309403		310283		311137		312047		312839
309433		310291		311153		312071		312841
309437		310313		311173		312073		312857
309457		310333		311177		312083		312863
309461		310357		311183		312089		312887
309469		310361		311189		312101		312899
309479		310363		311197		312107		312929
309481		310379		311203		312121		312931
309493		310397		311237		312161		312937
309503		310423		311279		312197		312941
309521		310433		311291		312199		312943
309523		310439		311293		312203		312967
309539		310447		311299		312209		312971
309541		310459		311303		312211		312979
309559		310463		311323		312217		312989
309571		310481		311329		312229		313003
309577		310489		311341		312233		313009
309583		310501		311347		312241		313031
309599		310507		311359		312251		313037
309623		310511		311371		312253		313081
309629		310547		311393		312269		313087
309637		310553		311407		312281		313109
309667		310559		311419		312283		313127
309671		310567		311447		312289		313129
309677		310571		311453		312311		313133
309707		310577		311473		312313		313147
309713		310591		311533		312331		313151
309731		310627		311537		312343		313153
309737		310643		311539		312349		313163
309769		310663		311551		312353		313207
309779		310693		311557		312371		313211
309781		310697		311561		312383		313219
309797		310711		311567		312397		313241
309811		310721		311569		312401		313249
309823		310727		311603		312407		313267
309851		310729		311609		312413		313273
309853		310733		311653		312427		313289
309857		310741		311659		312451		313297
309877		310747		311677		312469		313301
309899		310771		311681		312509		313307
309929		310781		311683		312517		313321
313331		314113		314953		315803		316637
313333		314117		314957		315811		316649
313343		314129		314983		315829		316661
313351		314137		314989		315851		316663
313373		314159		315011		315857		316681
313381		314161		315013		315881		316691
313387		314173		315037		315883		316697
313399		314189		315047		315893		316699
313409		314213		315059		315899		316703
313471		314219		315067		315907		316717
313477		314227		315083		315937		316753
313507		314233		315097		315949		316759
313517		314239		315103		315961		316769
313543		314243		315109		315967		316777
313549		314257		315127		315977		316783
313553		314261		315179		316003		316793
313561		314263		315181		316031		316801
313567		314267		315193		316033		316817
313571		314299		315199		316037		316819
313583		314329		315223		316051		316847
313589		314339		315247		316067		316853
313597		314351		315251		316073		316859
313603		314357		315257		316087		316861
313613		314359		315269		316097		316879
313619		314399		315281		316109		316891
313637		314401		315313		316133		316903
313639		314407		315349		316139		316907
313661		314423		315361		316153		316919
313669		314441		315373		316177		316937
313679		314453		315377		316189		316951
313699		314467		315389		316193		316957
313711		314491		315407		316201		316961
313717		314497		315409		316213		316991
313721		314513		315421		316219		317003
313727		314527		315437		316223		317011
313739		314543		315449		316241		317021
313741		314549		315451		316243		317029
313763		314569		315461		316259		317047
313777		314581		315467		316271		317063
313783		314591		315481		316291		317071
313829		314597		315493		316297		317077
313849		314599		315517		316301		317087
313853		314603		315521		316321		317089
313879		314623		315527		316339		317123
313883		314627		315529		316343		317159
313889		314641		315547		316363		317171
313897		314651		315551		316373		317179
313909		314693		315559		316391		317189
313921		314707		315569		316403		317197
313931		314711		315589		316423		317209
313933		314719		315593		316429		317227
313949		314723		315599		316439		317257
313961		314747		315613		316453		317263
313969		314761		315617		316469		317267
313979		314771		315631		316471		317269
313981		314777		315643		316493		317279
313987		314779		315671		316499		317321
313991		314807		315677		316501		317323
313993		314813		315691		316507		317327
313997		314827		315697		316531		317333
314003		314851		315701		316567		317351
314021		314879		315703		316571		317353
314059		314903		315739		316577		317363
314063		314917		315743		316583		317371
314077		314927		315751		316621		317399
314107		314933		315779		316633		317411
317419		318211		319001		319747		320539
317431		318229		319027		319757		320561
317437		318233		319031		319763		320563
317453		318247		319037		319811		320591
317459		318259		319049		319817		320609
317483		318271		319057		319819		320611
317489		318281		319061		319829		320627
317491		318287		319069		319831		320647
317503		318289		319093		319849		320657
317539		318299		319097		319883		320659
317557		318301		319117		319897		320669
317563		318313		319127		319901		320687
317587		318319		319129		319919		320693
317591		318323		319133		319927		320699
317593		318337		319147		319931		320713
317599		318347		319159		319937		320741
317609		318349		319169		319967		320759
317617		318377		319183		319973		320767
317621		318403		319201		319981		320791
317651		318407		319211		319993		320821
317663		318419		319223		320009		320833
317671		318431		319237		320011		320839
317693		318443		319259		320027		320843
317701		318457		319279		320039		320851
317711		318467		319289		320041		320861
317717		318473		319313		320053		320867
317729		318503		319321		320057		320899
317731		318523		319327		320063		320911
317741		318557		319339		320081		320923
317743		318559		319343		320083		320927
317771		318569		319351		320101		320939
317773		318581		319357		320107		320941
317777		318589		319387		320113		320953
317783		318601		319391		320119		321007
317789		318629		319399		320141		321017
317797		318641		319411		320143		321031
317827		318653		319427		320149		321037
317831		318671		319433		320153		321047
317839		318677		319439		320179		321053
317857		318679		319441		320209		321073
317887		318683		319453		320213		321077
317903		318691		319469		320219		321091
317921		318701		319477		320237		321109
317923		318713		319483		320239		321143
317957		318737		319489		320267		321163
317959		318743		319499		320269		321169
317963		318749		319511		320273		321187
317969		318751		319519		320291		321193
317971		318781		319541		320293		321199
317983		318793		319547		320303		321203
317987		318809		319567		320317		321221
318001		318811		319577		320329		321227
318007		318817		319589		320339		321239
318023		318823		319591		320377		321247
318077		318833		319601		320387		321289
318103		318841		319607		320389		321301
318107		318863		319639		320401		321311
318127		318881		319673		320417		321313
318137		318883		319679		320431		321319
318161		318889		319681		320449		321323
318173		318907		319687		320471		321329
318179		318911		319691		320477		321331
318181		318917		319699		320483		321341
318191		318919		319727		320513		321359
318203		318949		319729		320521		321367
318209		318979		319733		320533		321371
321383		322229		323077		323987		324773
321397		322237		323083		324011		324781
321403		322243		323087		324031		324791
321413		322247		323093		324053		324799
321427		322249		323101		324067		324809
321443		322261		323123		324073		324811
321449		322271		323131		324089		324839
321467		322319		323137		324097		324847
321469		322327		323149		324101		324869
321509		322339		323201		324113		324871
321547		322349		323207		324119		324889
321553		322351		323233		324131		324893
321569		322397		323243		324143		324901
321571		322403		323249		324151		324931
321577		322409		323251		324161		324941
321593		322417		323273		324179		324949
321611		322429		323333		324199		324953
321617		322433		323339		324209		324977
321619		322459		323341		324211		324979
321631		322463		323359		324217		324983
321647		322501		323369		324223		324991
321661		322513		323371		324239		324997
321679		322519		323377		324251		325001
321707		322523		323381		324293		325009
321709		322537		323383		324299		325019
321721		322549		323413		324301		325021
321733		322559		323419		324319		325027
321743		322571		323441		324329		325043
321751		322573		323443		324341		325051
321757		322583		323467		324361		325063
321779		322589		323471		324391		325079
321799		322591		323473		324397		325081
321817		322607		323507		324403		325093
321821		322613		323509		324419		325133
321823		322627		323537		324427		325153
321829		322631		323549		324431		325163
321833		322633		323567		324437		325181
321847		322649		323579		324439		325187
321851		322669		323581		324449		325189
321889		322709		323591		324451		325201
321901		322727		323597		324469		325217
321911		322747		323599		324473		325219
321947		322757		323623		324491		325229
321949		322769		323641		324497		325231
321961		322771		323647		324503		325249
321983		322781		323651		324517		325271
321991		322783		323699		324523		325301
322001		322807		323707		324529		325307
322009		322849		323711		324557		325309
322013		322859		323717		324587		325319
322037		322871		323759		324589		325333
322039		322877		323767		324593		325343
322051		322891		323789		324617		325349
322057		322901		323797		324619		325379
322067		322919		323801		324637		325411
322073		322921		323803		324641		325421
322079		322939		323819		324647		325439
322093		322951		323837		324661		325447
322097		322963		323879		324673		325453
322109		322969		323899		324689		325459
322111		322997		323903		324697		325463
322139		322999		323923		324707		325477
322169		323003		323927		324733		325487
322171		323009		323933		324743		325513
322193		323027		323951		324757		325517
322213		323053		323957		324763		325537
325541		326369		327263		327979		328883
325543		326437		327277		327983		328891
325571		326441		327289		328007		328897
325597		326449		327307		328037		328901
325607		326467		327311		328043		328919
325627		326479		327317		328051		328921
325631		326497		327319		328061		328931
325643		326503		327331		328063		328961
325667		326537		327337		328067		328981
325673		326539		327343		328093		329009
325681		326549		327347		328103		329027
325691		326561		327401		328109		329053
325693		326563		327407		328121		329059
325697		326567		327409		328127		329081
325709		326581		327419		328129		329083
325723		326593		327421		328171		329089
325729		326597		327433		328177		329101
325747		326609		327443		328213		329111
325751		326611		327463		328243		329123
325753		326617		327469		328249		329143
325769		326633		327473		328271		329167
325777		326657		327479		328277		329177
325781		326659		327491		328283		329191
325783		326663		327493		328291		329201
325807		326681		327499		328303		329207
325813		326687		327511		328327		329209
325849		326693		327517		328331		329233
325861		326701		327529		328333		329243
325877		326707		327553		328343		329257
325883		326737		327557		328357		329267
325889		326741		327559		328373		329269
325891		326773		327571		328379		329281
325901		326779		327581		328381		329293
325921		326831		327583		328397		329297
325939		326863		327599		328411		329299
325943		326867		327619		328421		329309
325951		326869		327629		328429		329317
325957		326873		327647		328439		329321
325987		326881		327661		328481		329333
325993		326903		327667		328511		329347
325999		326923		327673		328513		329387
326023		326939		327689		328519		329393
326057		326941		327707		328543		329401
326063		326947		327721		328579		329419
326083		326951		327737		328589		329431
326087		326983		327739		328591		329471
326099		326993		327757		328619		329473
326101		326999		327779		328621		329489
326113		327001		327797		328633		329503
326119		327007		327799		328637		329519
326141		327011		327809		328639		329533
326143		327017		327823		328651		329551
326147		327023		327827		328667		329557
326149		327059		327829		328687		329587
326153		327071		327839		328709		329591
326159		327079		327851		328721		329597
326171		327127		327853		328753		329603
326189		327133		327869		328777		329617
326203		327163		327871		328781		329627
326219		327179		327881		328787		329629
326251		327193		327889		328789		329639
326257		327203		327917		328813		329657
326309		327209		327923		328829		329663
326323		327211		327941		328837		329671
326351		327247		327953		328847		329677
326353		327251		327967		328849		329683
329687		330557		331339		332179		333071
329711		330563		331349		332183		333097
329717		330569		331367		332191		333101
329723		330587		331369		332201		333103
329729		330607		331391		332203		333107
329761		330611		331399		332207		333131
329773		330623		331423		332219		333139
329779		330641		331447		332221		333161
329789		330643		331451		332251		333187
329801		330653		331489		332263		333197
329803		330661		331501		332273		333209
329863		330679		331511		332287		333227
329867		330683		331519		332303		333233
329873		330689		331523		332309		333253
329891		330697		331537		332317		333269
329899		330703		331543		332393		333271
329941		330719		331547		332399		333283
329947		330721		331549		332411		333287
329951		330731		331553		332417		333299
329957		330749		331577		332441		333323
329969		330767		331579		332447		333331
329977		330787		331589		332461		333337
329993		330791		331603		332467		333341
329999		330793		331609		332471		333349
330017		330821		331613		332473		333367
330019		330823		331651		332477		333383
330037		330839		331663		332489		333397
330041		330853		331691		332509		333419
330047		330857		331693		332513		333427
330053		330859		331697		332561		333433
330061		330877		331711		332567		333439
330067		330887		331739		332569		333449
330097		330899		331753		332573		333451
330103		330907		331769		332611		333457
330131		330917		331777		332617		333479
330133		330943		331781		332623		333491
330139		330983		331801		332641		333493
330149		330997		331819		332687		333497
330167		331013		331841		332699		333503
330199		331027		331843		332711		333517
330203		331031		331871		332729		333533
330217		331043		331883		332743		333539
330227		331063		331889		332749		333563
330229		331081		331897		332767		333581
330233		331099		331907		332779		333589
330241		331127		331909		332791		333623
330247		331141		331921		332803		333631
330271		331147		331937		332837		333647
330287		331153		331943		332851		333667
330289		331159		331957		332873		333673
330311		331171		331967		332881		333679
330313		331183		331973		332887		333691
330329		331207		331997		332903		333701
330331		331213		331999		332921		333713
330347		331217		332009		332933		333719
330359		331231		332011		332947		333721
330383		331241		332039		332951		333737
330389		331249		332053		332987		333757
330409		331259		332069		332989		333769
330413		331277		332081		332993		333779
330427		331283		332099		333019		333787
330431		331301		332113		333023		333791
330433		331307		332117		333029		333793
330439		331319		332147		333031		333803
330469		331333		332159		333041		333821
330509		331337		332161		333049		333857
333871		334751		335579		336491		337261
333911		334753		335591		336499		337277
333923		334759		335609		336503		337279
333929		334771		335633		336521		337283
333941		334777		335641		336527		337291
333959		334783		335653		336529		337301
333973		334787		335663		336533		337313
333989		334793		335669		336551		337327
333997		334843		335681		336563		337339
334021		334861		335689		336571		337343
334031		334877		335693		336577		337349
334043		334889		335719		336587		337361
334049		334891		335729		336593		337367
334057		334897		335743		336599		337369
334069		334931		335747		336613		337397
334093		334963		335771		336631		337411
334099		334973		335807		336643		337427
334127		334987		335809		336649		337453
334133		334991		335813		336653		337457
334157		334993		335821		336667		337487
334171		335009		335833		336671		337489
334177		335021		335843		336683		337511
334183		335029		335857		336689		337517
334189		335033		335879		336703		337529
334199		335047		335893		336727		337537
334231		335051		335897		336757		337541
334247		335057		335917		336761		337543
334261		335077		335941		336767		337583
334289		335081		335953		336769		337607
334297		335089		335957		336773		337609
334319		335107		335999		336793		337627
334331		335113		336029		336799		337633
334333		335117		336031		336803		337639
334349		335123		336041		336823		337651
334363		335131		336059		336827		337661
334379		335149		336079		336829		337669
334387		335161		336101		336857		337681
334393		335171		336103		336863		337691
334403		335173		336109		336871		337697
334421		335207		336113		336887		337721
334423		335213		336121		336899		337741
334427		335221		336143		336901		337751
334429		335249		336151		336911		337759
334447		335261		336157		336929		337781
334487		335273		336163		336961		337793
334493		335281		336181		336977		337817
334507		335299		336199		336983		337837
334511		335323		336211		336989		337853
334513		335341		336221		336997		337859
334541		335347		336223		337013		337861
334547		335381		336227		337021		337867
334549		335383		336239		337031		337871
334561		335411		336247		337039		337873
334603		335417		336251		337049		337891
334619		335429		336253		337069		337901
334637		335449		336263		337081		337903
334643		335453		336307		337091		337907
334651		335459		336317		337097		337919
334661		335473		336353		337121		337949
334667		335477		336361		337153		337957
334681		335507		336373		337189		337969
334693		335519		336397		337201		337973
334699		335527		336403		337213		337999
334717		335539		336419		337217		338017
334721		335557		336437		337219		338027
334727		335567		336463		337223		338033
338119		338857		339821		340693		341507
338137		338867		339827		340709		341521
338141		338893		339839		340723		341543
338153		338909		339841		340757		341557
338159		338927		339863		340777		341569
338161		338959		339887		340787		341587
338167		338993		339907		340789		341597
338171		338999		339943		340793		341603
338183		339023		339959		340801		341617
338197		339049		339991		340811		341623
338203		339067		340007		340819		341629
338207		339071		340027		340849		341641
338213		339091		340031		340859		341647
338231		339103		340037		340877		341659
338237		339107		340049		340889		341681
338251		339121		340057		340897		341687
338263		339127		340061		340903		341701
338267		339137		340063		340909		341729
338269		339139		340073		340913		341743
338279		339151		340079		340919		341749
338287		339161		340103		340927		341771
338293		339173		340111		340931		341773
338297		339187		340117		340933		341777
338309		339211		340121		340937		341813
338321		339223		340127		340939		341821
338323		339239		340129		340957		341827
338339		339247		340169		340979		341839
338341		339257		340183		340999		341851
338347		339263		340201		341017		341863
338369		339289		340211		341027		341879
338383		339307		340237		341041		341911
338389		339323		340261		341057		341927
338407		339331		340267		341059		341947
338411		339341		340283		341063		341951
338413		339373		340297		341083		341953
338423		339389		340321		341087		341959
338431		339413		340337		341123		341963
338449		339433		340339		341141		341983
338461		339467		340369		341171		341993
338473		339491		340381		341179		342037
338477		339517		340387		341191		342047
338497		339527		340393		341203		342049
338531		339539		340397		341219		342059
338543		339557		340409		341227		342061
338563		339583		340429		341233		342071
338567		339589		340447		341269		342073
338573		339601		340451		341273		342077
338579		339613		340453		341281		342101
338581		339617		340477		341287		342107
338609		339631		340481		341293		342131
338659		339637		340519		341303		342143
338669		339649		340541		341311		342179
338683		339653		340559		341321		342187
338687		339659		340573		341323		342191
338707		339671		340577		341333		342197
338717		339673		340579		341339		342203
338731		339679		340583		341347		342211
338747		339707		340591		341357		342233
338753		339727		340601		341423		342239
338761		339749		340619		341443		342241
338773		339751		340633		341447		342257
338777		339761		340643		341459		342281
338791		339769		340649		341461		342283
338803		339799		340657		341477		342299
338839		339811		340661		341491		342319
338851		339817		340687		341501		342337
342341		343237		344039		344873		345733
342343		343243		344053		344887		345739
342347		343253		344083		344893		345749
342359		343261		344111		344909		345757
342371		343267		344117		344917		345769
342373		343289		344153		344921		345773
342379		343303		344161		344941		345791
342389		343307		344167		344957		345803
342413		343309		344171		344959		345811
342421		343313		344173		344963		345817
342449		343327		344177		344969		345823
342451		343333		344189		344987		345853
342467		343337		344207		345001		345869
342469		343373		344209		345011		345881
342481		343379		344213		345017		345887
342497		343381		344221		345019		345889
342521		343391		344231		345041		345907
342527		343393		344237		345047		345923
342547		343411		344243		345067		345937
342553		343423		344249		345089		345953
342569		343433		344251		345109		345979
342593		343481		344257		345133		345997
342599		343489		344263		345139		346013
342607		343517		344269		345143		346039
342647		343529		344273		345181		346043
342653		343531		344291		345193		346051
342659		343543		344293		345221		346079
342673		343547		344321		345227		346091
342679		343559		344327		345229		346097
342691		343561		344347		345259		346111
342697		343579		344353		345263		346117
342733		343583		344363		345271		346133
342757		343589		344371		345307		346139
342761		343591		344417		345311		346141
342791		343601		344423		345329		346147
342799		343627		344429		345379		346169
342803		343631		344453		345413		346187
342821		343639		344479		345431		346201
342833		343649		344483		345451		346207
342841		343661		344497		345461		346217
342847		343667		344543		345463		346223
342863		343687		344567		345473		346259
342869		343709		344587		345479		346261
342871		343727		344599		345487		346277
342889		343769		344611		345511		346303
342899		343771		344621		345517		346309
342929		343787		344629		345533		346321
342949		343799		344639		345547		346331
342971		343801		344653		345551		346337
342989		343813		344671		345571		346349
343019		343817		344681		345577		346361
343037		343823		344683		345581		346369
343051		343829		344693		345599		346373
343061		343831		344719		345601		346391
343073		343891		344749		345607		346393
343081		343897		344753		345637		346397
343087		343901		344759		345643		346399
343127		343913		344791		345647		346417
343141		343933		344797		345659		346421
343153		343939		344801		345673		346429
343163		343943		344807		345679		346433
343169		343951		344819		345689		346439
343177		343963		344821		345701		346441
343193		343997		344843		345707		346447
343199		344017		344857		345727		346453
343219		344021		344863		345731		346469
346501		347317		348217		349051		349871
346529		347329		348221		349079		349903
346543		347341		348239		349081		349907
346547		347359		348241		349093		349913
346553		347401		348247		349099		349919
346559		347411		348253		349109		349927
346561		347437		348259		349121		349931
346589		347443		348269		349133		349933
346601		347489		348287		349171		349939
346607		347509		348307		349177		349949
346627		347513		348323		349183		349963
346639		347519		348353		349187		349967
346649		347533		348367		349199		349981
346651		347539		348389		349207		350003
346657		347561		348401		349211		350029
346667		347563		348407		349241		350033
346669		347579		348419		349291		350039
346699		347587		348421		349303		350087
346711		347591		348431		349313		350089
346721		347609		348433		349331		350093
346739		347621		348437		349337		350107
346751		347629		348443		349343		350111
346763		347651		348451		349357		350137
346793		347671		348457		349369		350159
346831		347707		348461		349373		350179
346849		347717		348463		349379		350191
346867		347729		348487		349381		350213
346873		347731		348527		349387		350219
346877		347747		348547		349397		350237
346891		347759		348553		349399		350249
346903		347771		348559		349403		350257
346933		347773		348563		349409		350281
346939		347779		348571		349411		350293
346943		347801		348583		349423		350347
346961		347813		348587		349471		350351
346963		347821		348617		349477		350377
347003		347849		348629		349483		350381
347033		347873		348637		349493		350411
347041		347887		348643		349499		350423
347051		347891		348661		349507		350429
347057		347899		348671		349519		350431
347059		347929		348709		349529		350437
347063		347933		348731		349553		350443
347069		347951		348739		349567		350447
347071		347957		348757		349579		350453
347099		347959		348763		349589		350459
347129		347969		348769		349603		350503
347131		347981		348779		349637		350521
347141		347983		348811		349663		350549
347143		347987		348827		349667		350561
347161		347989		348833		349697		350563
347167		347993		348839		349709		350587
347173		348001		348851		349717		350593
347177		348011		348883		349729		350617
347183		348017		348889		349753		350621
347197		348031		348911		349759		350629
347201		348043		348917		349787		350657
347209		348053		348919		349793		350663
347227		348077		348923		349801		350677
347233		348083		348937		349813		350699
347239		348097		348949		349819		350711
347251		348149		348989		349829		350719
347257		348163		348991		349831		350729
347287		348181		349007		349837		350731
347297		348191		349039		349841		350737
347299		348209		349043		349849		350741
350747		351517		352367		353173		354031
350767		351529		352369		353179		354037
350771		351551		352381		353201		354041
350783		351563		352399		353203		354043
350789		351587		352403		353237		354047
350803		351599		352409		353263		354073
350809		351643		352411		353293		354091
350843		351653		352421		353317		354097
350851		351661		352423		353321		354121
350869		351667		352441		353329		354139
350881		351691		352459		353333		354143
350887		351707		352463		353341		354149
350891		351727		352481		353359		354163
350899		351731		352483		353389		354169
350941		351733		352489		353401		354181
350947		351749		352493		353411		354209
350963		351751		352511		353429		354247
350971		351763		352523		353443		354251
350981		351773		352543		353453		354253
350983		351779		352549		353459		354257
350989		351797		352579		353471		354259
351011		351803		352589		353473		354271
351023		351811		352601		353489		354301
351031		351829		352607		353501		354307
351037		351847		352619		353527		354313
351041		351851		352633		353531		354317
351047		351859		352637		353557		354323
351053		351863		352661		353567		354329
351059		351887		352691		353603		354337
351061		351913		352711		353611		354353
351077		351919		352739		353621		354371
351079		351929		352741		353627		354373
351097		351931		352753		353629		354377
351121		351959		352757		353641		354383
351133		351971		352771		353653		354391
351151		351991		352813		353657		354401
351157		352007		352817		353677		354421
351179		352021		352819		353681		354439
351217		352043		352831		353687		354443
351223		352049		352837		353699		354451
351229		352057		352841		353711		354461
351257		352069		352853		353737		354463
351259		352073		352867		353747		354469
351269		352081		352883		353767		354479
351287		352097		352907		353777		354533
351289		352109		352909		353783		354539
351293		352111		352931		353797		354551
351301		352123		352939		353807		354553
351311		352133		352949		353813		354581
351341		352181		352951		353819		354587
351343		352193		352973		353833		354619
351347		352201		352991		353867		354643
351359		352217		353011		353869		354647
351361		352229		353021		353879		354661
351383		352237		353047		353891		354667
351391		352249		353053		353897		354677
351397		352267		353057		353911		354689
351401		352271		353069		353917		354701
351413		352273		353081		353921		354703
351427		352301		353099		353929		354727
351437		352309		353117		353939		354737
351457		352327		353123		353963		354743
351469		352333		353137		354001		354751
351479		352349		353147		354007		354763
351497		352357		353149		354017		354779
351503		352361		353161		354023		354791
354799		355609		356561		357509		358291
354829		355633		356563		357517		358297
354833		355643		356567		357551		358301
354839		355651		356579		357559		358313
354847		355669		356591		357563		358327
354869		355679		356621		357569		358331
354877		355697		356647		357571		358349
354881		355717		356663		357583		358373
354883		355721		356693		357587		358417
354911		355723		356701		357593		358427
354953		355753		356731		357611		358429
354961		355763		356737		357613		358441
354971		355777		356749		357619		358447
354973		355783		356761		357649		358459
354979		355799		356803		357653		358471
354983		355811		356819		357659		358483
354997		355819		356821		357661		358487
355007		355841		356831		357667		358499
355009		355847		356869		357671		358531
355027		355853		356887		357677		358541
355031		355867		356893		357683		358571
355037		355891		356927		357689		358573
355039		355909		356929		357703		358591
355049		355913		356933		357727		358597
355057		355933		356947		357733		358601
355063		355937		356959		357737		358607
355073		355939		356969		357739		358613
355087		355951		356977		357767		358637
355093		355967		356981		357779		358667
355099		355969		356989		357781		358669
355109		356023		356999		357787		358681
355111		356039		357031		357793		358691
355127		356077		357047		357809		358697
355139		356093		357073		357817		358703
355171		356101		357079		357823		358711
355193		356113		357083		357829		358723
355211		356123		357103		357839		358727
355261		356129		357107		357859		358733
355297		356137		357109		357883		358747
355307		356141		357131		357913		358753
355321		356143		357139		357967		358769
355331		356171		357169		357977		358783
355339		356173		357179		357983		358793
355343		356197		357197		357989		358811
355361		356219		357199		357997		358829
355363		356243		357211		358031		358847
355379		356261		357229		358051		358859
355417		356263		357239		358069		358861
355427		356287		357241		358073		358867
355441		356299		357263		358079		358877
355457		356311		357271		358103		358879
355463		356327		357281		358109		358901
355483		356333		357283		358153		358903
355499		356351		357293		358157		358907
355501		356387		357319		358159		358909
355507		356399		357347		358181		358931
355513		356441		357349		358201		358951
355517		356443		357353		358213		358973
355519		356449		357359		358219		358979
355529		356453		357377		358223		358987
355541		356467		357389		358229		358993
355549		356479		357421		358243		358999
355559		356501		357431		358273		359003
355571		356509		357437		358277		359017
355573		356533		357473		358279		359027
355591		356549		357503		358289		359041
359063		359987		360977		361807		362633
359069		360007		360979		361843		362657
359101		360023		360989		361871		362693
359111		360037		361001		361873		362707
359129		360049		361003		361877		362717
359137		360053		361013		361901		362723
359143		360071		361033		361903		362741
359147		360089		361069		361909		362743
359153		360091		361091		361919		362749
359167		360163		361093		361927		362753
359171		360167		361111		361943		362759
359207		360169		361159		361961		362801
359209		360181		361183		361967		362851
359231		360187		361211		361973		362863
359243		360193		361213		361979		362867
359263		360197		361217		361993		362897
359267		360223		361219		362003		362903
359279		360229		361223		362027		362911
359291		360233		361237		362051		362927
359297		360257		361241		362053		362941
359299		360271		361271		362059		362951
359311		360277		361279		362069		362953
359323		360287		361313		362081		362969
359327		360289		361321		362093		362977
359353		360293		361327		362099		362983
359357		360307		361337		362107		362987
359377		360317		361349		362137		363017
359389		360323		361351		362143		363019
359407		360337		361357		362147		363037
359417		360391		361363		362161		363043
359419		360407		361373		362177		363047
359441		360421		361409		362191		363059
359449		360439		361411		362203		363061
359477		360457		361421		362213		363067
359479		360461		361433		362221		363119
359483		360497		361441		362233		363149
359501		360509		361447		362237		363151
359509		360511		361451		362281		363157
359539		360541		361463		362291		363161
359549		360551		361469		362293		363173
359561		360589		361481		362303		363179
359563		360593		361499		362309		363199
359581		360611		361507		362333		363211
359587		360637		361511		362339		363217
359599		360649		361523		362347		363257
359621		360653		361531		362353		363269
359633		360749		361541		362357		363271
359641		360769		361549		362363		363277
359657		360779		361561		362371		363313
359663		360781		361577		362377		363317
359701		360803		361637		362381		363329
359713		360817		361643		362393		363343
359719		360821		361649		362407		363359
359731		360823		361651		362419		363361
359747		360827		361663		362429		363367
359753		360851		361679		362431		363371
359761		360853		361687		362443		363373
359767		360863		361723		362449		363379
359783		360869		361727		362459		363397
359837		360901		361747		362473		363401
359851		360907		361763		362521		363403
359869		360947		361769		362561		363431
359897		360949		361787		362569		363437
359911		360953		361789		362581		363439
359929		360959		361793		362599		363463
359981		360973		361799		362629		363481
363491		364321		365147		366001		366811
363497		364333		365159		366013		366829
363523		364337		365173		366019		366841
363529		364349		365179		366029		366851
363533		364373		365201		366031		366853
363541		364379		365213		366053		366859
363551		364393		365231		366077		366869
363557		364411		365249		366097		366881
363563		364417		365251		366103		366889
363569		364423		365257		366127		366901
363577		364433		365291		366133		366907
363581		364447		365293		366139		366917
363589		364451		365297		366161		366923
363611		364459		365303		366167		366941
363619		364471		365327		366169		366953
363659		364499		365333		366173		366967
363677		364513		365357		366181		366973
363683		364523		365369		366193		366983
363691		364537		365377		366199		366997
363719		364541		365411		366211		367001
363731		364543		365413		366217		367007
363751		364571		365419		366221		367019
363757		364583		365423		366227		367021
363761		364601		365441		366239		367027
363767		364607		365461		366259		367033
363773		364621		365467		366269		367049
363799		364627		365471		366277		367069
363809		364643		365473		366287		367097
363829		364657		365479		366293		367121
363833		364669		365489		366307		367123
363841		364687		365507		366313		367127
363871		364691		365509		366329		367139
363887		364699		365513		366341		367163
363889		364717		365527		366343		367181
363901		364739		365531		366347		367189
363911		364747		365537		366383		367201
363917		364751		365557		366397		367207
363941		364753		365567		366409		367219
363947		364759		365569		366419		367229
363949		364801		365587		366433		367231
363959		364829		365591		366437		367243
363967		364853		365611		366439		367259
363977		364873		365627		366461		367261
363989		364879		365639		366463		367273
364027		364883		365641		366467		367277
364031		364891		365669		366479		367307
364069		364909		365683		366497		367309
364073		364919		365689		366511		367313
364079		364921		365699		366517		367321
364103		364937		365747		366521		367357
364127		364943		365749		366547		367369
364129		364961		365759		366593		367391
364141		364979		365773		366599		367397
364171		364993		365779		366607		367427
364183		364997		365791		366631		367453
364187		365003		365797		366677		367457
364193		365017		365809		366683		367469
364213		365021		365837		366697		367501
364223		365039		365839		366701		367519
364241		365063		365851		366703		367531
364267		365069		365903		366713		367541
364271		365089		365929		366721		367547
364289		365107		365933		366727		367559
364291		365119		365941		366733		367561
364303		365129		365969		366787		367573
364313		365137		365983		366791		367597
367603		368447		369361		370411		371281
367613		368453		369407		370421		371291
367621		368471		369409		370423		371299
367637		368491		369419		370427		371303
367649		368507		369469		370439		371311
367651		368513		369487		370441		371321
367663		368521		369491		370451		371333
367673		368531		369539		370463		371339
367687		368539		369553		370471		371341
367699		368551		369557		370477		371353
367711		368579		369581		370483		371359
367721		368593		369637		370493		371383
367733		368597		369647		370511		371387
367739		368609		369659		370529		371389
367751		368633		369661		370537		371417
367771		368647		369673		370547		371447
367777		368651		369703		370561		371453
367781		368653		369709		370571		371471
367789		368689		369731		370597		371479
367819		368717		369739		370603		371491
367823		368729		369751		370609		371509
367831		368737		369791		370613		371513
367841		368743		369793		370619		371549
367849		368773		369821		370631		371561
367853		368783		369827		370661		371573
367867		368789		369829		370663		371587
367879		368791		369833		370673		371617
367883		368801		369841		370679		371627
367889		368803		369851		370687		371633
367909		368833		369877		370693		371639
367949		368857		369893		370723		371663
367957		368873		369913		370759		371669
368021		368881		369917		370793		371699
368029		368899		369947		370801		371719
368047		368911		369959		370813		371737
368059		368939		369961		370837		371779
368077		368947		369979		370871		371797
368083		368957		369983		370873		371831
368089		369007		369991		370879		371837
368099		369013		369997		370883		371843
368107		369023		370003		370891		371851
368111		369029		370009		370897		371857
368117		369067		370021		370919		371869
368129		369071		370033		370949		371873
368141		369077		370057		371027		371897
368149		369079		370061		371029		371927
368153		369097		370067		371057		371929
368171		369119		370081		371069		371939
368189		369133		370091		371071		371941
368197		369137		370103		371083		371951
368227		369143		370121		371087		371957
368231		369169		370133		371099		371971
368233		369181		370147		371131		371981
368243		369191		370159		371141		371999
368273		369197		370169		371143		372013
368279		369211		370193		371153		372023
368287		369247		370199		371177		372037
368293		369253		370207		371179		372049
368323		369263		370213		371191		372059
368327		369269		370217		371213		372061
368359		369283		370241		371227		372067
368363		369293		370247		371233		372107
368369		369301		370261		371237		372121
368399		369319		370373		371249		372131
368411		369331		370387		371251		372137
368443		369353		370399		371257		372149
372167		372971		373903		374729		375443
372173		372973		373909		374741		375449
372179		372979		373937		374753		375451
372223		373003		373943		374761		375457
372241		373007		373951		374771		375467
372263		373019		373963		374783		375481
372269		373049		373969		374789		375509
372271		373063		373981		374797		375511
372277		373073		373987		374807		375523
372289		373091		373999		374819		375527
372293		373127		374009		374837		375533
372299		373151		374029		374839		375553
372311		373157		374039		374849		375559
372313		373171		374041		374879		375563
372353		373181		374047		374887		375569
372367		373183		374063		374893		375593
372371		373187		374069		374903		375607
372377		373193		374083		374909		375623
372397		373199		374089		374929		375631
372401		373207		374093		374939		375643
372409		373211		374111		374953		375647
372413		373213		374117		374977		375667
372443		373229		374123		374981		375673
372451		373231		374137		374987		375703
372461		373273		374149		374989		375707
372473		373291		374159		374993		375709
372481		373297		374173		375017		375743
372497		373301		374177		375019		375757
372511		373327		374189		375029		375761
372523		373339		374203		375043		375773
372539		373343		374219		375049		375779
372607		373349		374239		375059		375787
372611		373357		374287		375083		375799
372613		373361		374291		375091		375833
372629		373363		374293		375097		375841
372637		373379		374299		375101		375857
372653		373393		374317		375103		375899
372661		373447		374321		375113		375901
372667		373453		374333		375119		375923
372677		373459		374347		375121		375931
372689		373463		374351		375127		375967
372707		373487		374359		375149		375971
372709		373489		374389		375157		375979
372719		373501		374399		375163		375983
372733		373517		374441		375169		375997
372739		373553		374443		375203		376001
372751		373561		374447		375209		376003
372763		373567		374461		375223		376009
372769		373613		374483		375227		376021
372773		373621		374501		375233		376039
372797		373631		374531		375247		376049
372803		373649		374537		375251		376063
372809		373657		374557		375253		376081
372817		373661		374587		375257		376097
372829		373669		374603		375259		376099
372833		373693		374639		375281		376127
372839		373717		374641		375283		376133
372847		373721		374653		375311		376147
372859		373753		374669		375341		376153
372871		373757		374677		375359		376171
372877		373777		374681		375367		376183
372881		373783		374683		375371		376199
372901		373823		374687		375373		376231
372917		373837		374701		375391		376237
372941		373859		374713		375407		376241
372943		373861		374719		375413		376283
376291		377129		378023		378901		379699
376297		377137		378041		378919		379703
376307		377147		378071		378929		379721
376351		377171		378083		378941		379723
376373		377173		378089		378949		379727
376393		377183		378101		378953		379751
376399		377197		378127		378967		379777
376417		377219		378137		378977		379787
376463		377231		378149		378997		379811
376469		377257		378151		379007		379817
376471		377263		378163		379009		379837
376477		377287		378167		379013		379849
376483		377291		378179		379033		379853
376501		377297		378193		379039		379859
376511		377327		378223		379073		379877
376529		377329		378229		379081		379889
376531		377339		378239		379087		379903
376547		377347		378241		379097		379909
376573		377353		378253		379103		379913
376577		377369		378269		379123		379927
376583		377371		378277		379133		379931
376589		377387		378283		379147		379963
376603		377393		378289		379157		379979
376609		377459		378317		379163		379993
376627		377471		378353		379177		379997
376631		377477		378361		379187		379999
376633		377491		378379		379189		380041
376639		377513		378401		379199		380047
376657		377521		378407		379207		380059
376679		377527		378439		379273		380071
376687		377537		378449		379277		380117
376699		377543		378463		379283		380129
376709		377557		378467		379289		380131
376721		377561		378493		379307		380141
376729		377563		378503		379319		380147
376757		377581		378509		379333		380179
376759		377593		378523		379343		380189
376769		377599		378533		379369		380197
376787		377617		378551		379387		380201
376793		377623		378559		379391		380203
376801		377633		378569		379397		380207
376807		377653		378571		379399		380231
376811		377681		378583		379417		380251
376819		377687		378593		379433		380267
376823		377711		378601		379439		380269
376837		377717		378619		379441		380287
376841		377737		378629		379451		380291
376847		377749		378661		379459		380299
376853		377761		378667		379499		380309
376889		377771		378671		379501		380311
376891		377779		378683		379513		380327
376897		377789		378691		379531		380329
376921		377801		378713		379541		380333
376927		377809		378733		379549		380363
376931		377827		378739		379571		380377
376933		377831		378757		379573		380383
376949		377843		378761		379579		380417
376963		377851		378779		379597		380423
376969		377873		378793		379607		380441
377011		377887		378809		379633		380447
377021		377911		378817		379649		380453
377051		377963		378821		379663		380459
377059		377981		378823		379667		380461
377071		377999		378869		379679		380483
377099		378011		378883		379681		380503
377123		378019		378893		379693		380533
380557		381439		382373		383171		384017
380563		381443		382391		383179		384029
380591		381461		382427		383219		384049
380621		381467		382429		383221		384061
380623		381481		382457		383261		384067
380629		381487		382463		383267		384079
380641		381509		382493		383281		384089
380651		381523		382507		383291		384107
380657		381527		382511		383297		384113
380707		381529		382519		383303		384133
380713		381533		382541		383321		384143
380729		381541		382549		383347		384151
380753		381559		382553		383371		384157
380777		381569		382567		383393		384173
380797		381607		382579		383399		384187
380803		381629		382583		383417		384193
380819		381631		382589		383419		384203
380837		381637		382601		383429		384227
380839		381659		382621		383459		384247
380843		381673		382631		383483		384253
380867		381697		382643		383489		384257
380869		381707		382649		383519		384259
380879		381713		382661		383521		384277
380881		381737		382663		383527		384287
380909		381739		382693		383533		384289
380917		381749		382703		383549		384299
380929		381757		382709		383557		384301
380951		381761		382727		383573		384317
380957		381791		382729		383587		384331
380971		381793		382747		383609		384343
380977		381817		382751		383611		384359
380983		381841		382763		383623		384367
381001		381853		382769		383627		384383
381011		381859		382777		383633		384403
381019		381911		382801		383651		384407
381037		381917		382807		383657		384437
381047		381937		382813		383659		384469
381061		381943		382843		383681		384473
381071		381949		382847		383683		384479
381077		381977		382861		383693		384481
381097		381989		382867		383723		384487
381103		381991		382871		383729		384497
381167		382001		382873		383753		384509
381169		382003		382883		383759		384533
381181		382021		382919		383767		384547
381209		382037		382933		383777		384577
381221		382061		382939		383791		384581
381223		382069		382961		383797		384589
381233		382073		382979		383807		384599
381239		382087		382999		383813		384611
381253		382103		383011		383821		384619
381287		382117		383023		383833		384623
381289		382163		383029		383837		384641
381301		382171		383041		383839		384673
381319		382189		383051		383869		384691
381323		382229		383069		383891		384697
381343		382231		383077		383909		384701
381347		382241		383081		383917		384719
381371		382253		383083		383923		384733
381373		382267		383099		383941		384737
381377		382271		383101		383951		384751
381383		382303		383107		383963		384757
381389		382331		383113		383969		384773
381401		382351		383143		383983		384779
381413		382357		383147		383987		384817
381419		382363		383153		384001		384821
384827		385657		386471		387403		388319
384841		385661		386489		387433		388351
384847		385663		386501		387437		388363
384851		385709		386521		387449		388369
384889		385739		386537		387463		388373
384907		385741		386543		387493		388391
384913		385771		386549		387503		388403
384919		385783		386569		387509		388459
384941		385793		386587		387529		388471
384961		385811		386609		387551		388477
384973		385817		386611		387577		388481
385001		385831		386621		387587		388483
385013		385837		386629		387613		388489
385027		385843		386641		387623		388499
385039		385859		386647		387631		388519
385057		385877		386651		387641		388529
385069		385897		386677		387659		388541
385079		385901		386689		387677		388567
385081		385907		386693		387679		388573
385087		385927		386713		387683		388621
385109		385939		386719		387707		388651
385127		385943		386723		387721		388657
385129		385967		386731		387727		388673
385139		385991		386747		387743		388691
385141		385997		386777		387749		388693
385153		386017		386809		387763		388697
385159		386039		386839		387781		388699
385171		386041		386851		387791		388711
385193		386047		386887		387799		388727
385199		386051		386891		387839		388757
385223		386083		386921		387853		388777
385249		386093		386927		387857		388781
385261		386117		386963		387911		388789
385267		386119		386977		387913		388793
385279		386129		386987		387917		388813
385289		386131		386989		387953		388823
385291		386143		386993		387967		388837
385321		386149		387007		387971		388859
385327		386153		387017		387973		388879
385331		386159		387031		387977		388891
385351		386161		387047		388009		388897
385379		386173		387071		388051		388901
385391		386219		387077		388057		388903
385393		386227		387083		388067		388931
385397		386233		387089		388081		388933
385403		386237		387109		388099		388937
385417		386249		387137		388109		388961
385433		386263		387151		388111		388963
385471		386279		387161		388117		388991
385481		386297		387169		388133		389003
385493		386299		387173		388159		389023
385501		386303		387187		388163		389027
385519		386329		387197		388169		389029
385531		386333		387199		388177		389041
385537		386339		387203		388181		389047
385559		386363		387227		388183		389057
385571		386369		387253		388187		389083
385573		386371		387263		388211		389089
385579		386381		387269		388231		389099
385589		386383		387281		388237		389111
385591		386401		387307		388253		389117
385597		386411		387313		388259		389141
385607		386413		387329		388273		389149
385621		386429		387341		388277		389161
385631		386431		387371		388301		389167
385639		386437		387397		388313		389171
389173		389999		390791		391661		392383
389189		390001		390809		391679		392389
389219		390043		390821		391691		392423
389227		390067		390829		391693		392437
389231		390077		390851		391711		392443
389269		390083		390869		391717		392467
389273		390097		390877		391733		392473
389287		390101		390883		391739		392477
389297		390107		390889		391751		392489
389299		390109		390893		391753		392503
389303		390113		390953		391757		392519
389357		390119		390959		391789		392531
389369		390151		390961		391801		392543
389381		390157		390967		391817		392549
389399		390161		390989		391823		392569
389401		390191		390991		391847		392593
389437		390193		391009		391861		392599
389447		390199		391019		391873		392611
389461		390209		391021		391879		392629
389479		390211		391031		391889		392647
389483		390223		391049		391891		392663
389507		390263		391057		391903		392669
389513		390281		391063		391907		392699
389527		390289		391067		391921		392723
389531		390307		391073		391939		392737
389533		390323		391103		391961		392741
389539		390343		391117		391967		392759
389561		390347		391133		391987		392761
389563		390353		391151		391999		392767
389567		390359		391159		392011		392803
389569		390367		391163		392033		392807
389579		390373		391177		392053		392809
389591		390389		391199		392059		392827
389621		390391		391217		392069		392831
389629		390407		391219		392087		392837
389651		390413		391231		392099		392849
389659		390419		391247		392101		392851
389663		390421		391249		392111		392857
389687		390433		391273		392113		392879
389699		390437		391283		392131		392893
389713		390449		391291		392143		392911
389723		390463		391301		392149		392923
389743		390479		391331		392153		392927
389749		390487		391337		392159		392929
389761		390491		391351		392177		392957
389773		390493		391367		392201		392963
389783		390499		391373		392209		392969
389791		390503		391379		392213		392981
389797		390527		391387		392221		392983
389819		390539		391393		392233		393007
389839		390553		391397		392239		393013
389849		390581		391399		392251		393017
389867		390647		391403		392261		393031
389891		390653		391441		392263		393059
389897		390671		391451		392267		393073
389903		390673		391453		392269		393077
389911		390703		391487		392279		393079
389923		390707		391519		392281		393083
389927		390721		391537		392297		393097
389941		390727		391553		392299		393103
389947		390737		391579		392321		393109
389953		390739		391613		392333		393121
389957		390743		391619		392339		393137
389971		390751		391627		392347		393143
389981		390763		391631		392351		393157
389989		390781		391639		392363		393161
393181		393961		394829		395687		396601
393187		393977		394837		395701		396619
393191		393989		394861		395719		396623
393203		393997		394879		395737		396629
393209		394007		394897		395741		396631
393241		394019		394931		395749		396637
393247		394039		394943		395767		396647
393257		394049		394963		395803		396667
393271		394063		394967		395849		396679
393287		394073		394969		395851		396703
393299		394099		394981		395873		396709
393301		394123		394987		395887		396713
393311		394129		394993		395891		396719
393331		394153		395023		395897		396733
393361		394157		395027		395909		396833
393373		394169		395039		395921		396871
393377		394187		395047		395953		396881
393383		394201		395069		395959		396883
393401		394211		395089		395971		396887
393403		394223		395093		396001		396919
393413		394241		395107		396029		396931
393451		394249		395111		396031		396937
393473		394259		395113		396041		396943
393479		394271		395119		396043		396947
393487		394291		395137		396061		396953
393517		394319		395141		396079		396971
393521		394327		395147		396091		396983
393539		394357		395159		396103		396997
393541		394363		395173		396107		397013
393551		394367		395189		396119		397027
393557		394369		395191		396157		397037
393571		394393		395201		396173		397051
393577		394409		395231		396181		397057
393581		394411		395243		396197		397063
393583		394453		395251		396199		397073
393587		394481		395261		396203		397093
393593		394489		395273		396217		397099
393611		394501		395287		396239		397127
393629		394507		395293		396247		397151
393637		394523		395303		396259		397153
393649		394529		395309		396269		397181
393667		394549		395321		396293		397183
393671		394571		395323		396299		397211
393677		394577		395377		396301		397217
393683		394579		395383		396311		397223
393697		394601		395407		396323		397237
393709		394619		395429		396349		397253
393713		394631		395431		396353		397259
393721		394633		395443		396373		397283
393727		394637		395449		396377		397289
393739		394643		395453		396379		397297
393749		394673		395459		396413		397301
393761		394699		395491		396427		397303
393779		394717		395509		396437		397337
393797		394721		395513		396443		397351
393847		394727		395533		396449		397357
393853		394729		395537		396479		397361
393857		394733		395543		396509		397373
393859		394739		395581		396523		397379
393863		394747		395597		396527		397427
393871		394759		395611		396533		397429
393901		394787		395621		396541		397433
393919		394811		395627		396547		397459
393929		394813		395657		396563		397469
393931		394817		395671		396577		397489
393947		394819		395677		396581		397493
397517		398339		399151		399983		400927
397519		398341		399163		399989		400931
397541		398347		399173		400009		400943
397543		398353		399181		400031		400949
397547		398357		399197		400033		400963
397549		398369		399221		400051		400997
397567		398393		399227		400067		401017
397589		398407		399239		400069		401029
397591		398417		399241		400087		401039
397597		398423		399263		400093		401053
397633		398441		399271		400109		401057
397643		398459		399277		400123		401069
397673		398467		399281		400151		401077
397687		398471		399283		400157		401087
397697		398473		399353		400187		401101
397721		398477		399379		400199		401113
397723		398491		399389		400207		401119
397729		398509		399391		400217		401161
397751		398539		399401		400237		401173
397753		398543		399403		400243		401179
397757		398549		399409		400247		401201
397759		398557		399433		400249		401209
397763		398569		399439		400261		401231
397799		398581		399473		400277		401237
397807		398591		399481		400291		401243
397811		398609		399491		400297		401279
397829		398611		399493		400307		401287
397849		398621		399499		400313		401309
397867		398627		399523		400321		401311
397897		398669		399527		400331		401321
397907		398681		399541		400339		401329
397921		398683		399557		400381		401341
397939		398693		399571		400391		401347
397951		398711		399577		400409		401371
397963		398729		399583		400417		401381
397973		398731		399587		400429		401393
397981		398759		399601		400441		401407
398011		398771		399613		400457		401411
398023		398813		399617		400471		401417
398029		398819		399643		400481		401473
398033		398821		399647		400523		401477
398039		398833		399667		400559		401507
398053		398857		399677		400579		401519
398059		398863		399689		400597		401537
398063		398887		399691		400601		401539
398077		398903		399719		400607		401551
398087		398917		399727		400619		401567
398113		398921		399731		400643		401587
398117		398933		399739		400651		401593
398119		398941		399757		400657		401627
398129		398969		399761		400679		401629
398143		398977		399769		400681		401651
398149		398989		399781		400703		401669
398171		399023		399787		400711		401671
398207		399031		399793		400721		401689
398213		399043		399851		400723		401707
398219		399059		399853		400739		401711
398227		399067		399871		400753		401743
398249		399071		399887		400759		401771
398261		399079		399899		400823		401773
398267		399097		399911		400837		401809
398273		399101		399913		400849		401813
398287		399107		399937		400853		401827
398303		399131		399941		400859		401839
398311		399137		399953		400871		401861
398323		399149		399979		400903		401867
401887		402751		403607		404431		405413
401903		402757		403621		404449		405437
401909		402761		403649		404461		405439
401917		402763		403661		404483		405473
401939		402767		403679		404489		405487
401953		402769		403681		404497		405491
401957		402797		403687		404507		405497
401959		402803		403703		404513		405499
401981		402817		403717		404527		405521
401987		402823		403721		404531		405527
401993		402847		403729		404533		405529
402023		402851		403757		404539		405541
402029		402859		403783		404557		405553
402037		402863		403787		404597		405577
402043		402869		403817		404671		405599
402049		402881		403829		404693		405607
402053		402923		403831		404699		405611
402071		402943		403849		404713		405641
402089		402947		403861		404773		405659
402091		402949		403867		404779		405667
402107		402991		403877		404783		405677
402131		403001		403889		404819		405679
402133		403003		403901		404827		405683
402137		403037		403933		404837		405689
402139		403043		403951		404843		405701
402197		403049		403957		404849		405703
402221		403057		403969		404851		405709
402223		403061		403979		404941		405719
402239		403063		403981		404951		405731
402253		403079		403993		404959		405749
402263		403097		404009		404969		405763
402277		403103		404011		404977		405767
402299		403133		404017		404981		405781
402307		403141		404021		404983		405799
402313		403159		404029		405001		405817
402329		403163		404051		405011		405827
402331		403181		404081		405029		405829
402341		403219		404099		405037		405857
402343		403241		404113		405047		405863
402359		403243		404119		405049		405869
402361		403253		404123		405071		405871
402371		403261		404161		405073		405893
402379		403267		404167		405089		405901
402383		403289		404177		405091		405917
402403		403301		404189		405143		405947
402419		403309		404191		405157		405949
402443		403327		404197		405179		405959
402487		403331		404213		405199		405967
402503		403339		404221		405211		405989
402511		403363		404249		405221		405991
402517		403369		404251		405227		405997
402527		403387		404267		405239		406013
402529		403391		404269		405241		406027
402541		403433		404273		405247		406037
402551		403439		404291		405253		406067
402559		403483		404309		405269		406073
402581		403499		404321		405277		406093
402583		403511		404323		405287		406117
402587		403537		404357		405299		406123
402593		403547		404381		405323		406169
402601		403549		404387		405341		406171
402613		403553		404389		405343		406177
402631		403567		404399		405347		406183
402691		403577		404419		405373		406207
402697		403591		404423		405401		406247
402739		403603		404429		405407		406253
406267		407221		407993		408809		409709
406271		407233		408011		408817		409711
406309		407249		408019		408841		409723
406313		407257		408041		408857		409729
406327		407263		408049		408869		409733
406331		407273		408071		408911		409753
406339		407287		408077		408913		409769
406349		407291		408091		408923		409777
406361		407299		408127		408943		409781
406381		407311		408131		408953		409813
406397		407317		408137		408959		409817
406403		407321		408169		408971		409823
406423		407347		408173		408979		409831
406447		407357		408197		408997		409841
406481		407359		408203		409007		409861
406499		407369		408209		409021		409867
406501		407377		408211		409027		409879
406507		407383		408217		409033		409889
406513		407401		408223		409043		409891
406517		407437		408229		409063		409897
406531		407471		408241		409069		409901
406547		407483		408251		409081		409909
406559		407489		408263		409099		409933
406561		407501		408271		409121		409943
406573		407503		408283		409153		409951
406577		407509		408311		409163		409961
406579		407521		408337		409177		409967
406583		407527		408341		409187		409987
406591		407567		408347		409217		409993
406631		407573		408361		409237		409999
406633		407579		408379		409259		410009
406649		407587		408389		409261		410029
406661		407599		408403		409267		410063
406673		407621		408413		409271		410087
406697		407633		408427		409289		410093
406699		407639		408431		409291		410117
406717		407651		408433		409327		410119
406729		407657		408437		409333		410141
406739		407669		408461		409337		410143
406789		407699		408469		409349		410149
406807		407707		408479		409351		410171
406811		407713		408491		409369		410173
406817		407717		408497		409379		410203
406837		407723		408533		409391		410231
406859		407741		408539		409397		410233
406873		407747		408553		409429		410239
406883		407783		408563		409433		410243
406907		407789		408607		409441		410257
406951		407791		408623		409463		410279
406969		407801		408631		409471		410281
406981		407807		408637		409477		410299
406993		407821		408643		409483		410317
407023		407833		408659		409499		410323
407047		407843		408677		409517		410339
407059		407857		408689		409523		410341
407083		407861		408691		409529		410353
407119		407879		408701		409543		410359
407137		407893		408703		409573		410383
407149		407899		408713		409579		410387
407153		407917		408719		409589		410393
407177		407923		408743		409597		410401
407179		407947		408763		409609		410411
407191		407959		408769		409639		410413
407203		407969		408773		409657		410453
407207		407971		408787		409691		410461
407219		407977		408803		409693		410477
410489		411361		412127		413081		414031
410491		411371		412133		413087		414049
410497		411379		412147		413089		414053
410507		411409		412157		413093		414061
410513		411421		412171		413111		414077
410519		411443		412187		413113		414083
410551		411449		412189		413129		414097
410561		411469		412193		413141		414101
410587		411473		412201		413143		414107
410617		411479		412211		413159		414109
410621		411491		412213		413167		414131
410623		411503		412219		413183		414157
410629		411527		412249		413197		414179
410651		411529		412253		413201		414199
410659		411557		412273		413207		414203
410671		411563		412277		413233		414209
410687		411569		412289		413243		414217
410701		411577		412303		413251		414221
410717		411583		412333		413263		414241
410731		411589		412339		413267		414259
410741		411611		412343		413293		414269
410747		411613		412387		413299		414277
410749		411617		412397		413353		414283
410759		411637		412411		413411		414311
410783		411641		412457		413417		414313
410789		411667		412463		413429		414329
410801		411679		412481		413443		414331
410807		411683		412487		413461		414347
410819		411703		412493		413477		414361
410833		411707		412537		413521		414367
410857		411709		412561		413527		414383
410899		411721		412567		413533		414389
410903		411727		412571		413537		414397
410929		411737		412589		413551		414413
410953		411739		412591		413557		414431
410983		411743		412603		413579		414433
410999		411751		412609		413587		414451
411001		411779		412619		413597		414457
411007		411799		412627		413629		414461
411011		411809		412637		413653		414467
411013		411821		412639		413681		414487
411031		411823		412651		413683		414503
411041		411833		412663		413689		414521
411049		411841		412667		413711		414539
411067		411883		412717		413713		414553
411071		411919		412739		413719		414559
411083		411923		412771		413737		414571
411101		411937		412793		413753		414577
411113		411941		412807		413759		414607
411119		411947		412831		413779		414611
411127		411967		412849		413783		414629
411143		411991		412859		413807		414641
411157		412001		412891		413827		414643
411167		412007		412901		413849		414653
411193		412019		412903		413863		414677
411197		412031		412939		413867		414679
411211		412033		412943		413869		414683
411233		412037		412949		413879		414691
411241		412039		412967		413887		414697
411251		412051		412987		413911		414703
411253		412067		413009		413923		414707
411259		412073		413027		413951		414709
411287		412081		413033		413981		414721
411311		412099		413053		414013		414731
411337		412109		413069		414017		414737
411347		412123		413071		414019		414763
414767		415609		416441		417377		418177
414769		415627		416443		417379		418181
414773		415631		416459		417383		418189
414779		415643		416473		417419		418199
414793		415651		416477		417437		418207
414803		415661		416491		417451		418219
414809		415669		416497		417457		418259
414833		415673		416501		417479		418273
414857		415687		416503		417491		418279
414871		415691		416513		417493		418289
414889		415697		416531		417509		418303
414893		415717		416543		417511		418321
414899		415721		416573		417523		418331
414913		415729		416579		417541		418337
414923		415759		416593		417553		418339
414929		415783		416621		417559		418343
414949		415787		416623		417577		418349
414959		415799		416629		417581		418351
414971		415801		416659		417583		418357
414977		415819		416677		417617		418373
414991		415823		416693		417623		418381
415013		415861		416719		417631		418391
415031		415873		416761		417643		418423
415039		415879		416797		417649		418427
415061		415901		416821		417671		418447
415069		415931		416833		417691		418459
415073		415937		416839		417719		418471
415087		415949		416849		417721		418493
415097		415951		416851		417727		418511
415109		415957		416873		417731		418553
415111		415963		416881		417733		418559
415133		415969		416887		417737		418597
415141		415979		416947		417751		418601
415147		415993		416957		417763		418603
415153		415999		416963		417773		418631
415159		416011		416989		417793		418633
415171		416023		417007		417811		418637
415187		416071		417017		417821		418657
415189		416077		417019		417839		418667
415201		416089		417023		417863		418699
415213		416107		417037		417869		418709
415231		416147		417089		417881		418721
415253		416149		417097		417883		418739
415271		416153		417113		417899		418751
415273		416159		417119		417931		418763
415319		416167		417127		417941		418771
415343		416201		417133		417947		418783
415379		416219		417161		417953		418787
415381		416239		417169		417959		418793
415391		416243		417173		417961		418799
415409		416249		417181		417983		418811
415427		416257		417187		417997		418813
415447		416263		417191		418007		418819
415469		416281		417203		418009		418837
415477		416291		417217		418027		418843
415489		416333		417227		418031		418849
415507		416359		417239		418043		418861
415517		416387		417251		418051		418867
415523		416389		417271		418069		418871
415543		416393		417283		418073		418883
415553		416399		417293		418079		418889
415559		416401		417311		418087		418909
415567		416407		417317		418109		418921
415577		416413		417331		418129		418927
415603		416417		417337		418157		418933
415607		416419		417371		418169		418939
418961		419801		420691		421607		422431
418981		419803		420731		421609		422453
418987		419821		420737		421621		422459
418993		419827		420743		421633		422479
418997		419831		420757		421639		422537
419047		419873		420769		421643		422549
419051		419893		420779		421657		422551
419053		419921		420781		421661		422557
419057		419927		420799		421691		422563
419059		419929		420803		421697		422567
419087		419933		420809		421699		422573
419141		419953		420811		421703		422581
419147		419959		420851		421709		422621
419161		419999		420853		421711		422627
419171		420001		420857		421717		422657
419183		420029		420859		421727		422689
419189		420037		420899		421739		422701
419191		420041		420919		421741		422707
419201		420047		420929		421783		422711
419231		420073		420941		421801		422749
419249		420097		420967		421807		422753
419261		420103		420977		421831		422759
419281		420149		420997		421847		422761
419291		420163		421009		421891		422789
419297		420191		421019		421907		422797
419303		420193		421033		421913		422803
419317		420221		421037		421943		422827
419329		420241		421049		421973		422857
419351		420253		421079		421987		422861
419383		420263		421081		421997		422867
419401		420269		421093		422029		422869
419417		420271		421103		422041		422879
419423		420293		421121		422057		422881
419429		420307		421123		422063		422893
419443		420313		421133		422069		422897
419449		420317		421147		422077		422899
419459		420319		421159		422083		422911
419467		420323		421163		422087		422923
419473		420331		421177		422089		422927
419477		420341		421181		422099		422969
419483		420349		421189		422101		422987
419491		420353		421207		422111		423001
419513		420361		421241		422113		423013
419527		420367		421273		422129		423019
419537		420383		421279		422137		423043
419557		420397		421303		422141		423053
419561		420419		421313		422183		423061
419563		420421		421331		422203		423067
419567		420439		421339		422209		423083
419579		420457		421349		422231		423091
419591		420467		421361		422239		423097
419597		420479		421381		422243		423103
419599		420481		421397		422249		423109
419603		420499		421409		422267		423121
419609		420503		421417		422287		423127
419623		420521		421423		422291		423133
419651		420551		421433		422309		423173
419687		420557		421453		422311		423179
419693		420569		421459		422321		423191
419701		420571		421469		422339		423209
419711		420593		421471		422353		423221
419743		420599		421483		422363		423229
419753		420613		421493		422369		423233
419777		420671		421501		422377		423251
419789		420677		421517		422393		423257
419791		420683		421559		422407		423259
423277		424093		424903		425837		426761
423281		424103		424909		425839		426763
423287		424117		424913		425851		426773
423289		424121		424939		425857		426779
423299		424129		424961		425861		426787
423307		424139		424967		425869		426799
423323		424147		424997		425879		426841
423341		424157		425003		425899		426859
423347		424163		425027		425903		426863
423389		424169		425039		425911		426871
423403		424187		425057		425939		426889
423413		424199		425059		425959		426893
423427		424223		425071		425977		426913
423431		424231		425083		425987		426917
423439		424243		425101		425989		426919
423457		424247		425107		426007		426931
423461		424261		425123		426011		426941
423463		424267		425147		426061		426971
423469		424271		425149		426073		426973
423481		424273		425189		426077		426997
423497		424313		425197		426089		427001
423503		424331		425207		426091		427013
423509		424339		425233		426103		427039
423541		424343		425237		426131		427043
423547		424351		425251		426161		427067
423557		424397		425273		426163		427069
423559		424423		425279		426193		427073
423581		424429		425281		426197		427079
423587		424433		425291		426211		427081
423601		424451		425297		426229		427103
423617		424471		425309		426233		427117
423649		424481		425317		426253		427151
423667		424493		425329		426287		427169
423697		424519		425333		426301		427181
423707		424537		425363		426311		427213
423713		424547		425377		426319		427237
423727		424549		425387		426331		427241
423749		424559		425393		426353		427243
423751		424573		425417		426383		427247
423763		424577		425419		426389		427249
423769		424597		425423		426401		427279
423779		424601		425441		426407		427283
423781		424639		425443		426421		427307
423791		424661		425471		426427		427309
423803		424667		425473		426469		427327
423823		424679		425489		426487		427333
423847		424687		425501		426527		427351
423853		424693		425519		426541		427369
423859		424709		425521		426551		427379
423869		424727		425533		426553		427381
423883		424729		425549		426563		427403
423887		424757		425563		426583		427417
423931		424769		425591		426611		427421
423949		424771		425603		426631		427423
423961		424777		425609		426637		427429
423977		424811		425641		426641		427433
423989		424817		425653		426661		427439
423991		424819		425681		426691		427447
424001		424829		425701		426697		427451
424003		424841		425713		426707		427457
424007		424843		425779		426709		427477
424019		424849		425783		426731		427513
424027		424861		425791		426737		427517
424037		424867		425801		426739		427523
424079		424889		425813		426743		427529
424091		424891		425819		426757		427541
427579		428489		429397		430081		430979
427591		428503		429409		430091		430981
427597		428509		429413		430093		430987
427619		428531		429427		430121		430999
427621		428539		429431		430139		431017
427681		428551		429449		430147		431021
427711		428557		429463		430193		431029
427717		428563		429467		430259		431047
427723		428567		429469		430267		431051
427727		428569		429487		430277		431063
427733		428579		429497		430279		431077
427751		428629		429503		430289		431083
427781		428633		429509		430303		431099
427787		428639		429511		430319		431107
427789		428657		429521		430333		431141
427813		428663		429529		430343		431147
427849		428671		429547		430357		431153
427859		428677		429551		430393		431173
427877		428683		429563		430411		431191
427879		428693		429581		430427		431203
427883		428731		429587		430433		431213
427913		428741		429589		430453		431219
427919		428759		429599		430487		431237
427939		428777		429631		430499		431251
427949		428797		429643		430511		431257
427951		428801		429659		430513		431267
427957		428807		429661		430517		431269
427967		428809		429673		430543		431287
427969		428833		429677		430553		431297
427991		428843		429679		430571		431311
427993		428851		429683		430579		431329
427997		428863		429701		430589		431339
428003		428873		429719		430601		431363
428023		428899		429727		430603		431369
428027		428951		429731		430649		431377
428033		428957		429733		430663		431381
428039		428977		429773		430691		431399
428041		429007		429791		430697		431423
428047		429017		429797		430699		431429
428083		429043		429817		430709		431441
428093		429083		429823		430723		431447
428137		429101		429827		430739		431449
428143		429109		429851		430741		431479
428147		429119		429853		430747		431513
428149		429127		429881		430751		431521
428161		429137		429887		430753		431533
428167		429139		429889		430769		431567
428173		429161		429899		430783		431581
428177		429181		429901		430789		431597
428221		429197		429907		430799		431603
428227		429211		429911		430811		431611
428231		429217		429917		430819		431617
428249		429223		429929		430823		431621
428251		429227		429931		430841		431657
428273		429241		429937		430847		431659
428297		429259		429943		430861		431663
428299		429271		429953		430873		431671
428303		429277		429971		430879		431693
428339		429281		429973		430883		431707
428353		429283		429991		430891		431729
428369		429329		430007		430897		431731
428401		429347		430009		430907		431759
428411		429349		430013		430909		431777
428429		429361		430019		430921		431797
428471		429367		430057		430949		431801
428473		429389		430061		430957		431803
431807		432539		433357		434237		434981
431831		432557		433361		434243		434989
431833		432559		433369		434249		435037
431857		432569		433373		434261		435041
431863		432577		433393		434267		435059
431867		432587		433399		434293		435103
431869		432589		433421		434297		435107
431881		432613		433429		434303		435109
431887		432631		433439		434311		435131
431891		432637		433453		434323		435139
431903		432659		433469		434347		435143
431911		432661		433471		434353		435151
431929		432713		433501		434363		435161
431933		432721		433507		434377		435179
431947		432727		433513		434383		435181
431983		432737		433549		434387		435187
431993		432743		433571		434389		435191
432001		432749		433577		434407		435221
432007		432781		433607		434411		435223
432023		432793		433627		434431		435247
432031		432797		433633		434437		435257
432037		432799		433639		434459		435263
432043		432833		433651		434461		435277
432053		432847		433661		434471		435283
432059		432857		433663		434479		435287
432067		432869		433673		434501		435307
432073		432893		433679		434509		435317
432097		432907		433681		434521		435343
432121		432923		433703		434561		435349
432137		432931		433723		434563		435359
432139		432959		433729		434573		435371
432143		432961		433747		434593		435397
432149		432979		433759		434597		435401
432161		432983		433777		434611		435403
432163		432989		433781		434647		435419
432167		433003		433787		434659		435427
432199		433033		433813		434683		435437
432203		433049		433817		434689		435439
432227		433051		433847		434699		435451
432241		433061		433859		434717		435481
432251		433073		433861		434719		435503
432277		433079		433877		434743		435529
432281		433087		433883		434761		435541
432287		433093		433889		434783		435553
432301		433099		433931		434803		435559
432317		433117		433943		434807		435563
432323		433123		433963		434813		435569
432337		433141		433967		434821		435571
432343		433151		433981		434827		435577
432349		433187		434009		434831		435583
432359		433193		434011		434839		435593
432373		433201		434029		434849		435619
432389		433207		434039		434857		435623
432391		433229		434081		434867		435637
432401		433241		434087		434873		435641
432413		433249		434107		434881		435647
432433		433253		434111		434909		435649
432437		433259		434113		434921		435653
432449		433261		434117		434923		435661
432457		433267		434141		434927		435679
432479		433271		434167		434933		435709
432491		433291		434179		434939		435731
432499		433309		434191		434947		435733
432503		433319		434201		434957		435739
432511		433337		434209		434963		435751
432527		433351		434221		434977		435763
435769		436673		437543		438527		439459
435779		436687		437557		438533		439463
435817		436693		437587		438551		439471
435839		436717		437629		438569		439493
435847		436727		437641		438589		439511
435857		436729		437651		438601		439519
435859		436739		437653		438611		439541
435881		436741		437677		438623		439559
435889		436757		437681		438631		439567
435893		436801		437687		438637		439573
435907		436811		437693		438661		439577
435913		436819		437719		438667		439583
435923		436831		437729		438671		439601
435947		436841		437743		438701		439613
435949		436853		437753		438707		439631
435973		436871		437771		438721		439639
435983		436889		437809		438733		439661
435997		436913		437819		438761		439667
436003		436957		437837		438769		439687
436013		436963		437849		438793		439693
436027		436967		437861		438827		439697
436061		436973		437867		438829		439709
436081		436979		437881		438833		439723
436087		436993		437909		438847		439729
436091		436999		437923		438853		439753
436097		437011		437947		438869		439759
436127		437033		437953		438877		439763
436147		437071		437959		438887		439771
436151		437077		437977		438899		439781
436157		437083		438001		438913		439787
436171		437093		438017		438937		439799
436181		437111		438029		438941		439811
436217		437113		438047		438953		439823
436231		437137		438049		438961		439849
436253		437141		438091		438967		439853
436273		437149		438131		438979		439861
436279		437153		438133		438983		439867
436283		437159		438143		438989		439883
436291		437191		438169		439007		439891
436307		437201		438203		439009		439903
436309		437219		438211		439063		439919
436313		437237		438223		439081		439949
436343		437243		438233		439123		439961
436357		437263		438241		439133		439969
436399		437273		438253		439141		439973
436417		437279		438259		439157		439981
436427		437287		438271		439163		439991
436439		437293		438281		439171		440009
436459		437321		438287		439183		440023
436463		437351		438301		439199		440039
436477		437357		438313		439217		440047
436481		437363		438329		439253		440087
436483		437387		438341		439273		440093
436507		437389		438377		439279		440101
436523		437401		438391		439289		440131
436529		437413		438401		439303		440159
436531		437467		438409		439339		440171
436547		437471		438419		439349		440177
436549		437473		438439		439357		440179
436571		437497		438443		439367		440183
436591		437501		438467		439381		440203
436607		437509		438479		439409		440207
436621		437519		438499		439421		440221
436627		437527		438517		439427		440227
436649		437533		438521		439429		440239
436651		437539		438523		439441		440261
440269		441079		442003		442789		443533
440281		441101		442007		442807		443543
440303		441107		442009		442817		443551
440311		441109		442019		442823		443561
440329		441113		442027		442829		443563
440333		441121		442031		442831		443567
440339		441127		442033		442837		443587
440347		441157		442061		442843		443591
440371		441169		442069		442861		443603
440383		441179		442097		442879		443609
440389		441187		442109		442903		443629
440393		441191		442121		442919		443659
440399		441193		442139		442961		443687
440431		441229		442147		442963		443689
440441		441247		442151		442973		443701
440443		441251		442157		442979		443711
440471		441257		442171		442987		443731
440497		441263		442177		442991		443749
440501		441281		442181		442997		443753
440507		441307		442193		443011		443759
440509		441319		442201		443017		443761
440527		441349		442207		443039		443771
440537		441359		442217		443041		443777
440543		441361		442229		443057		443791
440549		441403		442237		443059		443837
440551		441421		442243		443063		443851
440567		441443		442271		443077		443867
440569		441449		442283		443089		443869
440579		441461		442291		443117		443873
440581		441479		442319		443123		443879
440641		441499		442327		443129		443881
440651		441517		442333		443147		443893
440653		441523		442363		443153		443899
440669		441527		442367		443159		443909
440677		441547		442397		443161		443917
440681		441557		442399		443167		443939
440683		441563		442439		443171		443941
440711		441569		442447		443189		443953
440717		441587		442457		443203		443983
440723		441607		442469		443221		443987
440731		441613		442487		443227		443999
440753		441619		442489		443231		444001
440761		441631		442499		443237		444007
440773		441647		442501		443243		444029
440807		441667		442517		443249		444043
440809		441697		442531		443263		444047
440821		441703		442537		443273		444079
440831		441713		442571		443281		444089
440849		441737		442573		443291		444109
440863		441751		442577		443293		444113
440893		441787		442579		443341		444121
440903		441797		442601		443347		444127
440911		441799		442609		443353		444131
440939		441811		442619		443363		444151
440941		441827		442633		443369		444167
440953		441829		442691		443389		444173
440959		441839		442699		443407		444179
440983		441841		442703		443413		444181
440987		441877		442721		443419		444187
440989		441887		442733		443423		444209
441011		441907		442747		443431		444253
441029		441913		442753		443437		444271
441041		441923		442763		443453		444281
441043		441937		442769		443467		444287
441053		441953		442777		443489		444289
441073		441971		442781		443501		444293
444307		445103		446123		447079		447983
444341		445141		446129		447101		447991
444343		445157		446141		447107		448003
444347		445169		446179		447119		448013
444349		445183		446189		447133		448027
444401		445187		446191		447137		448031
444403		445199		446197		447173		448057
444421		445229		446221		447179		448067
444443		445261		446227		447193		448073
444449		445271		446231		447197		448093
444461		445279		446261		447211		448111
444463		445283		446263		447217		448121
444469		445297		446273		447221		448139
444473		445307		446279		447233		448141
444487		445321		446293		447247		448157
444517		445339		446309		447257		448159
444523		445363		446323		447259		448169
444527		445427		446333		447263		448177
444529		445433		446353		447311		448187
444539		445447		446363		447319		448193
444547		445453		446387		447323		448199
444553		445463		446389		447331		448207
444557		445477		446399		447353		448241
444569		445499		446401		447401		448249
444589		445507		446417		447409		448303
444607		445537		446441		447427		448309
444623		445541		446447		447439		448313
444637		445567		446461		447443		448321
444641		445573		446473		447449		448351
444649		445583		446477		447451		448363
444671		445589		446503		447463		448367
444677		445597		446533		447467		448373
444701		445619		446549		447481		448379
444713		445631		446561		447509		448387
444739		445633		446569		447521		448397
444767		445649		446597		447527		448421
444791		445657		446603		447541		448451
444793		445691		446609		447569		448519
444803		445699		446647		447571		448531
444811		445703		446657		447611		448561
444817		445741		446713		447617		448597
444833		445747		446717		447637		448607
444841		445769		446731		447641		448627
444859		445771		446753		447677		448631
444863		445789		446759		447683		448633
444869		445799		446767		447701		448667
444877		445807		446773		447703		448687
444883		445829		446819		447743		448697
444887		445847		446827		447749		448703
444893		445853		446839		447757		448727
444901		445871		446863		447779		448733
444929		445877		446881		447791		448741
444937		445883		446891		447793		448769
444953		445891		446893		447817		448793
444967		445931		446909		447823		448801
444971		445937		446911		447827		448807
444979		445943		446921		447829		448829
445001		445967		446933		447841		448843
445019		445969		446951		447859		448853
445021		446003		446969		447877		448859
445031		446009		446983		447883		448867
445033		446041		447001		447893		448871
445069		446053		447011		447901		448873
445087		446081		447019		447907		448879
445091		446087		447053		447943		448883
445097		446111		447067		447961		448907
448927		449741		450493		451309		452161
448939		449759		450503		451313		452171
448969		449767		450529		451331		452191
448993		449773		450533		451337		452201
448997		449783		450557		451343		452213
448999		449797		450563		451361		452227
449003		449807		450581		451387		452233
449011		449821		450587		451397		452239
449051		449833		450599		451411		452269
449077		449851		450601		451439		452279
449083		449879		450617		451441		452293
449093		449921		450641		451481		452297
449107		449929		450643		451499		452329
449117		449941		450649		451519		452363
449129		449951		450677		451523		452377
449131		449959		450691		451541		452393
449149		449963		450707		451547		452401
449153		449971		450719		451553		452443
449161		449987		450727		451579		452453
449171		449989		450761		451601		452497
449173		450001		450767		451609		452519
449201		450011		450787		451621		452521
449203		450019		450797		451637		452531
449209		450029		450799		451657		452533
449227		450067		450803		451663		452537
449243		450071		450809		451667		452539
449249		450077		450811		451669		452549
449261		450083		450817		451679		452579
449263		450101		450829		451681		452587
449269		450103		450839		451691		452597
449287		450113		450841		451699		452611
449299		450127		450847		451709		452629
449303		450137		450859		451723		452633
449311		450161		450881		451747		452671
449321		450169		450883		451753		452687
449333		450193		450887		451771		452689
449347		450199		450893		451783		452701
449353		450209		450899		451793		452731
449363		450217		450913		451799		452759
449381		450223		450917		451823		452773
449399		450227		450929		451831		452797
449411		450239		450943		451837		452807
449417		450257		450949		451859		452813
449419		450259		450971		451873		452821
449437		450277		450991		451879		452831
449441		450287		450997		451897		452857
449459		450293		451013		451901		452869
449473		450299		451039		451903		452873
449543		450301		451051		451909		452923
449549		450311		451057		451921		452953
449557		450343		451069		451933		452957
449563		450349		451093		451937		452983
449567		450361		451097		451939		452989
449569		450367		451103		451961		453023
449591		450377		451109		451967		453029
449609		450383		451159		451987		453053
449621		450391		451177		452009		453073
449629		450403		451181		452017		453107
449653		450413		451183		452027		453119
449663		450421		451201		452033		453133
449671		450431		451207		452041		453137
449677		450451		451249		452077		453143
449681		450473		451277		452083		453157
449689		450479		451279		452087		453161
449693		450481		451301		452131		453181
449699		450487		451303		452159		453197
453199		454079		454991		455789		456649
453209		454109		455003		455809		456653
453217		454141		455011		455827		456679
453227		454151		455033		455831		456683
453239		454159		455047		455849		456697
453247		454183		455053		455863		456727
453269		454199		455093		455881		456737
453289		454211		455099		455899		456763
453293		454213		455123		455921		456767
453301		454219		455149		455933		456769
453311		454229		455159		455941		456791
453317		454231		455167		455953		456809
453329		454247		455171		455969		456811
453347		454253		455177		455977		456821
453367		454277		455201		455989		456871
453371		454297		455219		455993		456877
453377		454303		455227		455999		456881
453379		454313		455233		456007		456899
453421		454331		455237		456013		456901
453451		454351		455261		456023		456923
453461		454357		455263		456037		456949
453527		454361		455269		456047		456959
453553		454379		455291		456061		456979
453559		454387		455309		456091		456991
453569		454409		455317		456107		457001
453571		454417		455321		456109		457003
453599		454451		455333		456119		457013
453601		454453		455339		456149		457021
453617		454483		455341		456151		457043
453631		454501		455353		456167		457049
453637		454507		455381		456193		457057
453641		454513		455393		456223		457087
453643		454541		455401		456233		457091
453659		454543		455407		456241		457097
453667		454547		455419		456283		457099
453671		454577		455431		456293		457117
453683		454579		455437		456329		457139
453703		454603		455443		456349		457151
453707		454609		455461		456353		457153
453709		454627		455471		456367		457183
453737		454637		455473		456377		457189
453757		454673		455479		456403		457201
453797		454679		455489		456409		457213
453799		454709		455491		456427		457229
453823		454711		455513		456439		457241
453833		454721		455527		456451		457253
453847		454723		455531		456457		457267
453851		454759		455537		456461		457271
453877		454763		455557		456499		457277
453889		454777		455573		456503		457279
453907		454799		455579		456517		457307
453913		454823		455597		456523		457319
453923		454843		455599		456529		457333
453931		454847		455603		456539		457339
453949		454849		455627		456553		457363
453961		454859		455647		456557		457367
453977		454889		455659		456559		457381
453983		454891		455681		456571		457393
453991		454907		455683		456581		457397
454009		454919		455687		456587		457399
454021		454921		455701		456607		457403
454031		454931		455711		456611		457411
454033		454943		455717		456613		457421
454039		454967		455737		456623		457433
454061		454969		455761		456641		457459
454063		454973		455783		456647		457469
457507		458483		459313		460247		461143
457511		458501		459317		460267		461147
457517		458531		459337		460289		461171
457547		458533		459341		460297		461183
457553		458543		459343		460301		461191
457559		458567		459353		460337		461207
457571		458569		459373		460349		461233
457607		458573		459377		460373		461239
457609		458593		459383		460379		461257
457621		458599		459397		460387		461269
457643		458611		459421		460393		461273
457651		458621		459427		460403		461297
457661		458629		459443		460409		461299
457669		458639		459463		460417		461309
457673		458651		459467		460451		461317
457679		458663		459469		460463		461323
457687		458669		459479		460477		461327
457697		458683		459509		460531		461333
457711		458701		459521		460543		461359
457739		458719		459523		460561		461381
457757		458729		459593		460571		461393
457789		458747		459607		460589		461407
457799		458789		459611		460609		461411
457813		458791		459619		460619		461413
457817		458797		459623		460627		461437
457829		458807		459631		460633		461441
457837		458819		459647		460637		461443
457871		458849		459649		460643		461467
457889		458863		459671		460657		461479
457903		458879		459677		460673		461507
457913		458891		459691		460697		461521
457943		458897		459703		460709		461561
457979		458917		459749		460711		461569
457981		458921		459763		460721		461581
457987		458929		459791		460771		461599
458009		458947		459803		460777		461603
458027		458957		459817		460787		461609
458039		458959		459829		460793		461627
458047		458963		459841		460813		461639
458053		458971		459847		460829		461653
458057		458977		459883		460841		461677
458063		458981		459913		460843		461687
458069		458987		459923		460871		461689
458119		458993		459929		460891		461693
458123		459007		459937		460903		461707
458173		459013		459961		460907		461717
458179		459023		460013		460913		461801
458189		459029		460039		460919		461803
458191		459031		460051		460937		461819
458197		459037		460063		460949		461843
458207		459047		460073		460951		461861
458219		459089		460079		460969		461887
458239		459091		460081		460973		461891
458309		459113		460087		460979		461917
458317		459127		460091		460981		461921
458323		459167		460099		460987		461933
458327		459169		460111		460991		461957
458333		459181		460127		461009		461971
458357		459209		460147		461011		461977
458363		459223		460157		461017		461983
458377		459229		460171		461051		462013
458399		459233		460181		461053		462041
458401		459257		460189		461059		462067
458407		459271		460211		461093		462073
458449		459293		460217		461101		462079
458477		459301		460231		461119		462097
462103		462953		463861		464663		465379
462109		462983		463867		464687		465383
462113		463003		463873		464699		465407
462131		463031		463889		464741		465419
462149		463033		463891		464747		465433
462181		463093		463907		464749		465463
462191		463103		463919		464753		465469
462199		463157		463921		464767		465523
462221		463181		463949		464771		465529
462239		463189		463963		464773		465541
462263		463207		463973		464777		465551
462271		463213		463987		464801		465581
462307		463219		463993		464803		465587
462311		463231		464003		464809		465611
462331		463237		464011		464813		465631
462337		463247		464021		464819		465643
462361		463249		464033		464843		465649
462373		463261		464047		464857		465659
462377		463283		464069		464879		465679
462401		463291		464081		464897		465701
462409		463297		464089		464909		465721
462419		463303		464119		464917		465739
462421		463313		464129		464923		465743
462437		463319		464131		464927		465761
462443		463321		464137		464939		465781
462467		463339		464141		464941		465797
462481		463343		464143		464951		465799
462491		463363		464171		464953		465809
462493		463387		464173		464963		465821
462499		463399		464197		464983		465833
462529		463433		464201		464993		465841
462541		463447		464213		464999		465887
462547		463451		464237		465007		465893
462557		463453		464251		465011		465901
462569		463457		464257		465013		465917
462571		463459		464263		465019		465929
462577		463483		464279		465041		465931
462589		463501		464281		465061		465947
462607		463511		464291		465067		465977
462629		463513		464309		465071		465989
462641		463523		464311		465077		466009
462643		463531		464327		465079		466019
462653		463537		464351		465089		466027
462659		463549		464371		465107		466033
462667		463579		464381		465119		466043
462673		463613		464383		465133		466061
462677		463627		464413		465151		466069
462697		463633		464419		465161		466073
462713		463643		464437		465163		466079
462719		463649		464447		465167		466087
462727		463663		464459		465169		466091
462733		463679		464467		465173		466121
462739		463693		464479		465187		466139
462773		463711		464483		465209		466153
462827		463717		464521		465211		466171
462841		463741		464537		465259		466181
462851		463747		464539		465271		466183
462863		463753		464549		465277		466201
462871		463763		464557		465281		466243
462881		463781		464561		465293		466247
462887		463787		464587		465299		466261
462899		463807		464591		465317		466267
462901		463823		464603		465319		466273
462911		463829		464617		465331		466283
462937		463831		464621		465337		466303
462947		463849		464647		465373		466321
466331		467329		468067		468851		469757
466339		467333		468071		468859		469769
466357		467353		468079		468869		469787
466369		467371		468107		468883		469793
466373		467399		468109		468887		469801
466409		467417		468113		468889		469811
466423		467431		468121		468893		469823
466441		467437		468133		468899		469841
466451		467447		468137		468913		469849
466483		467471		468151		468953		469877
466517		467473		468157		468967		469879
466537		467477		468173		468973		469891
466547		467479		468187		468983		469907
466553		467491		468191		469009		469919
466561		467497		468199		469031		469939
466567		467503		468239		469037		469957
466573		467507		468241		469069		469969
466579		467527		468253		469099		469979
466603		467531		468271		469121		469993
466619		467543		468277		469127		470021
466637		467549		468289		469141		470039
466649		467557		468319		469153		470059
466651		467587		468323		469169		470077
466673		467591		468353		469193		470081
466717		467611		468359		469207		470083
466723		467617		468371		469219		470087
466729		467627		468389		469229		470089
466733		467629		468421		469237		470131
466747		467633		468439		469241		470149
466751		467641		468451		469253		470153
466777		467651		468463		469267		470161
466787		467657		468473		469279		470167
466801		467669		468491		469283		470179
466819		467671		468493		469303		470201
466853		467681		468499		469321		470207
466859		467689		468509		469331		470209
466897		467699		468527		469351		470213
466909		467713		468551		469363		470219
466913		467729		468557		469367		470227
466919		467737		468577		469369		470243
466951		467743		468581		469379		470251
466957		467749		468593		469397		470263
466997		467773		468599		469411		470279
467003		467783		468613		469429		470297
467009		467813		468619		469439		470299
467017		467827		468623		469457		470303
467021		467833		468641		469487		470317
467063		467867		468647		469501		470333
467081		467869		468653		469529		470347
467083		467879		468661		469541		470359
467101		467881		468667		469543		470389
467119		467893		468683		469561		470399
467123		467897		468691		469583		470411
467141		467899		468697		469589		470413
467147		467903		468703		469613		470417
467171		467927		468709		469627		470429
467183		467941		468719		469631		470443
467197		467953		468737		469649		470447
467209		467963		468739		469657		470453
467213		467977		468761		469673		470461
467237		468001		468773		469687		470471
467239		468011		468781		469691		470473
467261		468019		468803		469717		470489
467293		468029		468817		469723		470501
467297		468049		468821		469747		470513
467317		468059		468841		469753		470521
470531		471389		472163		473147		473953
470539		471391		472189		473159		473971
470551		471403		472193		473167		473981
470579		471407		472247		473173		473987
470593		471439		472249		473191		473999
470597		471451		472253		473197		474017
470599		471467		472261		473201		474029
470609		471481		472273		473203		474037
470621		471487		472289		473219		474043
470627		471503		472301		473227		474049
470647		471509		472309		473257		474059
470651		471521		472319		473279		474073
470653		471533		472331		473287		474077
470663		471539		472333		473293		474101
470669		471553		472349		473311		474119
470689		471571		472369		473321		474127
470711		471589		472391		473327		474137
470719		471593		472393		473351		474143
470731		471607		472399		473353		474151
470749		471617		472411		473377		474163
470779		471619		472421		473381		474169
470783		471641		472457		473383		474197
470791		471649		472469		473411		474211
470819		471659		472477		473419		474223
470831		471671		472523		473441		474241
470837		471673		472541		473443		474263
470863		471677		472543		473453		474289
470867		471683		472559		473471		474307
470881		471697		472561		473477		474311
470887		471703		472573		473479		474319
470891		471719		472597		473497		474337
470903		471721		472631		473503		474343
470927		471749		472639		473507		474347
470933		471769		472643		473513		474359
470941		471781		472669		473519		474379
470947		471791		472687		473527		474389
470957		471803		472691		473531		474391
470959		471817		472697		473533		474413
470993		471841		472709		473549		474433
470999		471847		472711		473579		474437
471007		471853		472721		473597		474443
471041		471871		472741		473611		474479
471061		471893		472751		473617		474491
471073		471901		472763		473633		474497
471089		471907		472793		473647		474499
471091		471923		472799		473659		474503
471101		471929		472817		473719		474533
471137		471931		472831		473723		474541
471139		471943		472837		473729		474547
471161		471949		472847		473741		474557
471173		471959		472859		473743		474569
471179		471997		472883		473761		474571
471187		472019		472907		473789		474581
471193		472027		472909		473833		474583
471209		472051		472921		473839		474619
471217		472057		472937		473857		474629
471241		472063		472939		473861		474647
471253		472067		472963		473867		474659
471259		472103		472993		473887		474667
471277		472111		473009		473899		474671
471281		472123		473021		473911		474707
471283		472127		473027		473923		474709
471299		472133		473089		473927		474737
471301		472139		473101		473929		474751
471313		472151		473117		473939		474757
471353		472159		473141		473951		474769
474779		475619		476363		477313		478207
474787		475621		476369		477317		478213
474809		475637		476381		477329		478241
474811		475639		476401		477341		478243
474839		475649		476407		477359		478253
474847		475669		476419		477361		478259
474857		475679		476423		477383		478271
474899		475681		476429		477409		478273
474907		475691		476467		477439		478321
474911		475693		476477		477461		478339
474917		475697		476479		477469		478343
474923		475721		476507		477497		478351
474931		475729		476513		477511		478391
474937		475751		476519		477517		478399
474941		475753		476579		477523		478403
474949		475759		476587		477539		478411
474959		475763		476591		477551		478417
474977		475777		476599		477553		478421
474983		475789		476603		477557		478427
475037		475793		476611		477571		478433
475051		475807		476633		477577		478441
475073		475823		476639		477593		478451
475081		475831		476647		477619		478453
475091		475837		476659		477623		478459
475093		475841		476681		477637		478481
475103		475859		476683		477671		478483
475109		475877		476701		477677		478493
475141		475879		476713		477721		478523
475147		475889		476719		477727		478531
475151		475897		476737		477731		478571
475159		475903		476743		477739		478573
475169		475907		476753		477767		478579
475207		475921		476759		477769		478589
475219		475927		476783		477791		478603
475229		475933		476803		477797		478627
475243		475957		476831		477809		478631
475271		475973		476849		477811		478637
475273		475991		476851		477821		478651
475283		475997		476863		477823		478679
475289		476009		476869		477839		478697
475297		476023		476887		477847		478711
475301		476027		476891		477857		478727
475327		476029		476911		477863		478729
475331		476039		476921		477881		478739
475333		476041		476929		477899		478741
475351		476059		476977		477913		478747
475367		476081		476981		477941		478763
475369		476087		476989		477947		478769
475379		476089		477011		477973		478787
475381		476101		477013		477977		478801
475403		476107		477017		477991		478811
475417		476111		477019		478001		478813
475421		476137		477031		478039		478823
475427		476143		477047		478063		478831
475429		476167		477073		478067		478843
475441		476183		477077		478069		478853
475457		476219		477091		478087		478861
475469		476233		477131		478099		478871
475483		476237		477149		478111		478879
475511		476243		477163		478129		478897
475523		476249		477209		478139		478901
475529		476279		477221		478157		478913
475549		476299		477229		478169		478927
475583		476317		477259		478171		478931
475597		476347		477277		478189		478937
475613		476351		477293		478199		478943
478963		479881		480731		481577		482423
478967		479891		480737		481589		482437
478991		479903		480749		481619		482441
478999		479909		480761		481633		482483
479023		479939		480773		481639		482501
479027		479951		480787		481651		482507
479029		479953		480803		481667		482509
479041		479957		480827		481673		482513
479081		479971		480839		481681		482519
479131		480013		480853		481693		482527
479137		480017		480881		481697		482539
479147		480019		480911		481699		482569
479153		480023		480919		481721		482593
479189		480043		480929		481751		482597
479191		480047		480937		481753		482621
479201		480049		480941		481769		482627
479209		480059		480959		481787		482633
479221		480061		480967		481801		482641
479231		480071		480979		481807		482659
479239		480091		480989		481813		482663
479243		480101		481001		481837		482683
479263		480107		481003		481843		482687
479267		480113		481009		481847		482689
479287		480133		481021		481849		482707
479299		480143		481043		481861		482711
479309		480157		481051		481867		482717
479317		480167		481067		481879		482719
479327		480169		481073		481883		482731
479357		480203		481087		481909		482743
479371		480209		481093		481939		482753
479377		480287		481097		481963		482759
479387		480299		481109		481997		482767
479419		480317		481123		482017		482773
479429		480329		481133		482021		482789
479431		480341		481141		482029		482803
479441		480343		481147		482033		482819
479461		480349		481153		482039		482827
479473		480367		481157		482051		482837
479489		480373		481171		482071		482861
479497		480379		481177		482093		482863
479509		480383		481181		482099		482873
479513		480391		481199		482101		482897
479533		480409		481207		482117		482899
479543		480419		481211		482123		482917
479561		480427		481231		482179		482941
479569		480449		481249		482189		482947
479581		480451		481297		482203		482957
479593		480461		481301		482213		482971
479599		480463		481303		482227		483017
479623		480499		481307		482231		483031
479629		480503		481343		482233		483061
479639		480509		481363		482243		483071
479701		480517		481373		482263		483097
479749		480521		481379		482281		483127
479753		480527		481387		482309		483139
479761		480533		481409		482323		483163
479771		480541		481417		482347		483167
479777		480553		481433		482351		483179
479783		480563		481447		482359		483209
479797		480569		481469		482371		483211
479813		480583		481489		482387		483221
479821		480587		481501		482393		483229
479833		480647		481513		482399		483233
479839		480661		481531		482401		483239
479861		480707		481549		482407		483247
479879		480713		481571		482413		483251
483281		484123		485131		486179		486971
483289		484129		485137		486181		486977
483317		484151		485161		486193		486991
483323		484153		485167		486203		487007
483337		484171		485171		486221		487013
483347		484181		485201		486223		487021
483367		484193		485207		486247		487049
483377		484201		485209		486281		487051
483389		484207		485263		486293		487057
483397		484229		485311		486307		487073
483407		484243		485347		486313		487079
483409		484259		485351		486323		487093
483433		484283		485363		486329		487099
483443		484301		485371		486331		487111
483467		484303		485383		486341		487133
483481		484327		485389		486349		487177
483491		484339		485411		486377		487183
483499		484361		485417		486379		487187
483503		484369		485423		486389		487211
483523		484373		485437		486391		487213
483541		484397		485447		486397		487219
483551		484411		485479		486407		487247
483557		484417		485497		486433		487261
483563		484439		485509		486443		487283
483577		484447		485519		486449		487303
483611		484457		485543		486481		487307
483619		484459		485567		486491		487313
483629		484487		485587		486503		487349
483643		484489		485593		486509		487363
483649		484493		485603		486511		487381
483671		484531		485609		486527		487387
483697		484543		485647		486539		487391
483709		484577		485657		486559		487397
483719		484597		485671		486569		487423
483727		484607		485689		486583		487427
483733		484609		485701		486589		487429
483751		484613		485717		486601		487447
483757		484621		485729		486617		487457
483761		484639		485731		486637		487463
483767		484643		485753		486641		487469
483773		484691		485777		486643		487471
483787		484703		485819		486653		487477
483809		484727		485827		486667		487481
483811		484733		485831		486671		487489
483827		484751		485833		486677		487507
483829		484763		485893		486679		487561
483839		484769		485899		486683		487589
483853		484777		485909		486697		487601
483863		484787		485923		486713		487603
483869		484829		485941		486721		487607
483883		484853		485959		486757		487637
483907		484867		485977		486767		487649
483929		484927		485993		486769		487651
483937		484951		486023		486781		487657
483953		484987		486037		486797		487681
483971		484999		486041		486817		487691
483991		485021		486043		486821		487703
484019		485029		486053		486833		487709
484027		485041		486061		486839		487717
484037		485053		486071		486869		487727
484061		485059		486091		486907		487733
484067		485063		486103		486923		487741
484079		485081		486119		486929		487757
484091		485101		486133		486943		487769
484111		485113		486139		486947		487783
484117		485123		486163		486949		487789
487793		488617		489449		490271		491167
487811		488627		489457		490277		491171
487819		488633		489479		490283		491201
487829		488639		489487		490309		491213
487831		488641		489493		490313		491219
487843		488651		489529		490339		491251
487873		488687		489539		490367		491261
487889		488689		489551		490393		491273
487891		488701		489553		490417		491279
487897		488711		489557		490421		491297
487933		488717		489571		490453		491299
487943		488723		489613		490459		491327
487973		488729		489631		490463		491329
487979		488743		489653		490481		491333
487997		488749		489659		490493		491339
488003		488759		489673		490499		491341
488009		488779		489677		490519		491353
488011		488791		489679		490537		491357
488021		488797		489689		490541		491371
488051		488821		489691		490543		491377
488057		488827		489733		490549		491417
488069		488833		489743		490559		491423
488119		488861		489761		490571		491429
488143		488879		489791		490573		491461
488149		488893		489793		490577		491483
488153		488897		489799		490579		491489
488161		488909		489803		490591		491497
488171		488921		489817		490619		491501
488197		488947		489823		490627		491503
488203		488959		489833		490631		491527
488207		488981		489847		490643		491531
488209		488993		489851		490661		491537
488227		489001		489869		490663		491539
488231		489011		489871		490697		491581
488233		489019		489887		490733		491591
488239		489043		489901		490741		491593
488249		489053		489911		490769		491611
488261		489061		489913		490771		491627
488263		489101		489941		490783		491633
488287		489109		489943		490829		491639
488303		489113		489959		490837		491651
488309		489127		489961		490849		491653
488311		489133		489977		490859		491669
488317		489157		489989		490877		491677
488321		489161		490001		490891		491707
488329		489179		490003		490913		491719
488333		489191		490019		490921		491731
488339		489197		490031		490927		491737
488347		489217		490033		490937		491747
488353		489239		490057		490949		491773
488381		489241		490097		490951		491783
488399		489257		490103		490957		491789
488401		489263		490111		490967		491797
488407		489283		490117		490969		491819
488417		489299		490121		490991		491833
488419		489329		490151		490993		491837
488441		489337		490159		491003		491851
488459		489343		490169		491039		491857
488473		489361		490183		491041		491867
488503		489367		490201		491059		491873
488513		489389		490207		491081		491899
488539		489407		490223		491083		491923
488567		489409		490241		491129		491951
488573		489427		490247		491137		491969
488603		489431		490249		491149		491977
488611		489439		490267		491159		491983
492007		492979		493807		494639		495421
492013		493001		493811		494647		495433
492017		493013		493813		494651		495437
492029		493021		493817		494671		495449
492047		493027		493853		494677		495457
492053		493043		493859		494687		495461
492059		493049		493873		494693		495491
492061		493067		493877		494699		495511
492067		493093		493897		494713		495527
492077		493109		493919		494719		495557
492083		493111		493931		494723		495559
492103		493121		493937		494731		495563
492113		493123		493939		494737		495569
492227		493127		493967		494743		495571
492251		493133		493973		494749		495587
492253		493139		493979		494759		495589
492257		493147		493993		494761		495611
492281		493159		494023		494783		495613
492293		493169		494029		494789		495617
492299		493177		494041		494803		495619
492319		493193		494051		494843		495629
492377		493201		494069		494849		495637
492389		493211		494077		494873		495647
492397		493217		494083		494899		495667
492403		493219		494093		494903		495679
492409		493231		494101		494917		495701
492413		493243		494107		494927		495707
492421		493249		494129		494933		495713
492431		493277		494141		494939		495749
492463		493279		494147		494959		495751
492467		493291		494167		494987		495757
492487		493301		494191		495017		495769
492491		493313		494213		495037		495773
492511		493333		494237		495041		495787
492523		493351		494251		495043		495791
492551		493369		494257		495067		495797
492563		493393		494267		495071		495799
492587		493397		494269		495109		495821
492601		493399		494281		495113		495827
492617		493403		494287		495119		495829
492619		493433		494317		495133		495851
492629		493447		494327		495139		495877
492631		493457		494341		495149		495893
492641		493463		494353		495151		495899
492647		493481		494359		495161		495923
492659		493523		494369		495181		495931
492671		493531		494381		495199		495947
492673		493541		494383		495211		495953
492707		493567		494387		495221		495959
492719		493573		494407		495241		495967
492721		493579		494413		495269		495973
492731		493583		494441		495277		495983
492757		493607		494443		495289		496007
492761		493621		494471		495301		496019
492763		493627		494497		495307		496039
492769		493643		494519		495323		496051
492781		493657		494521		495337		496063
492799		493693		494539		495343		496073
492839		493709		494561		495347		496079
492853		493711		494563		495359		496123
492871		493721		494567		495361		496127
492883		493729		494587		495371		496163
492893		493733		494591		495377		496187
492901		493747		494609		495389		496193
492911		493777		494617		495401		496211
492967		493793		494621		495413		496229
496231		497051		497771		498583		499283
496259		497069		497773		498599		499309
496283		497093		497801		498611		499321
496289		497111		497813		498613		499327
496291		497113		497831		498643		499349
496297		497117		497839		498647		499361
496303		497137		497851		498653		499363
496313		497141		497867		498679		499391
496333		497153		497869		498689		499397
496339		497171		497873		498691		499403
496343		497177		497899		498733		499423
496381		497197		497929		498739		499439
496399		497239		497957		498749		499459
496427		497257		497963		498761		499481
496439		497261		497969		498767		499483
496453		497269		497977		498779		499493
496459		497279		497989		498781		499507
496471		497281		497993		498787		499519
496477		497291		497999		498791		499523
496481		497297		498013		498803		499549
496487		497303		498053		498833		499559
496493		497309		498061		498857		499571
496499		497323		498073		498859		499591
496511		497339		498089		498881		499601
496549		497351		498101		498907		499607
496579		497389		498103		498923		499621
496583		497411		498119		498931		499633
496609		497417		498143		498937		499637
496631		497423		498163		498947		499649
496669		497449		498167		498961		499661
496681		497461		498181		498973		499663
496687		497473		498209		498977		499669
496703		497479		498227		498989		499673
496711		497491		498257		499021		499679
496733		497501		498259		499027		499687
496747		497507		498271		499033		499691
496763		497509		498301		499039		499693
496789		497521		498331		499063		499711
496813		497537		498343		499067		499717
496817		497551		498361		499099		499729
496841		497557		498367		499117		499739
496849		497561		498391		499127		499747
496871		497579		498397		499129		499781
496877		497587		498401		499133		499787
496889		497597		498403		499139		499801
496891		497603		498409		499141		499819
496897		497633		498439		499151		499853
496901		497659		498461		499157		499879
496913		497663		498467		499159		499883
496919		497671		498469		499181		499897
496949		497677		498493		499183		499903
496963		497689		498497		499189		499927
496997		497701		498521		499211		499943
496999		497711		498523		499229		499957
497011		497719		498527		499253		499969
497017		497729		498551		499267		499973
497041		497737		498557		499277		499979
497047		497741		498577
